0,1
0.0,100.0
0.0,100.0
0.0,100.0
100.0,0.0
0.0,100.0
100.0,0.0
100.0,0.0
2.0,98.0
100.0,0.0
100.0,0.0
100.0,0.0
0.0,100.0
0.0,100.0
100.0,0.0
16.0,84.0
95.0,5.0
0.0,100.0
0.0,100.0
100.0,0.0
3.0,97.0
100.0,0.0
100.0,0.0
0.0,100.0
100.0,0.0
100.0,0.0
100.0,0.0
2.0,98.0
100.0,0.0
0.0,100.0
100.0,0.0
100.0,0.0
0.0,100.0
0.0,100.0
6.0,94.0
1.0,99.0
100.0,0.0
100.0,0.0
100.0,0.0
100.0,0.0
100.0,0.0
100.0,0.0
100.0,0.0
0.0,100.0
7.000000000000001,93.0
100.0,0.0
100.0,0.0
9.0,91.0
100.0,0.0
1.0,99.0
100.0,0.0
100.0,0.0
100.0,0.0
100.0,0.0
1.0,99.0
100.0,0.0
88.0,12.0
0.0,100.0
100.0,0.0
100.0,0.0
0.0,100.0
100.0,0.0
100.0,0.0
100.0,0.0
100.0,0.0
100.0,0.0
100.0,0.0
2.0,98.0
100.0,0.0
100.0,0.0
100.0,0.0
100.0,0.0
0.0,100.0
100.0,0.0
100.0,0.0
0.0,100.0
0.0,100.0
100.0,0.0
100.0,0.0
100.0,0.0
100.0,0.0
99.0,1.0
100.0,0.0
100.0,0.0
1.0,99.0
100.0,0.0
100.0,0.0
0.0,100.0
0.0,100.0
99.0,1.0
100.0,0.0
0.0,100.0
100.0,0.0
2.0,98.0
100.0,0.0
100.0,0.0
0.0,100.0
0.0,100.0
100.0,0.0
0.0,100.0
0.0,100.0
100.0,0.0
100.0,0.0
100.0,0.0
4.0,96.0
0.0,100.0
100.0,0.0
100.0,0.0
100.0,0.0
100.0,0.0
100.0,0.0
100.0,0.0
100.0,0.0
0.0,100.0
100.0,0.0
100.0,0.0
100.0,0.0
10.0,90.0
100.0,0.0
0.0,100.0
0.0,100.0
0.0,100.0
1.0,99.0
100.0,0.0
100.0,0.0
9.0,91.0
100.0,0.0
100.0,0.0
0.0,100.0
3.0,97.0
5.0,95.0
0.0,100.0
0.0,100.0
100.0,0.0
100.0,0.0
100.0,0.0
0.0,100.0
100.0,0.0
0.0,100.0
100.0,0.0
0.0,100.0
0.0,100.0
2.0,98.0
100.0,0.0
100.0,0.0
0.0,100.0
100.0,0.0
0.0,100.0
0.0,100.0
100.0,0.0
100.0,0.0
100.0,0.0
93.0,7.000000000000001
100.0,0.0
100.0,0.0
100.0,0.0
0.0,100.0
100.0,0.0
100.0,0.0
100.0,0.0
0.0,100.0
0.0,100.0
0.0,100.0
100.0,0.0
100.0,0.0
100.0,0.0
100.0,0.0
100.0,0.0
0.0,100.0
0.0,100.0
100.0,0.0
1.0,99.0
0.0,100.0
100.0,0.0
100.0,0.0
100.0,0.0
100.0,0.0
100.0,0.0
100.0,0.0
2.0,98.0
100.0,0.0
0.0,100.0
100.0,0.0
0.0,100.0
100.0,0.0
100.0,0.0
0.0,100.0
0.0,100.0
100.0,0.0
0.0,100.0
100.0,0.0
100.0,0.0
1.0,99.0
100.0,0.0
100.0,0.0
3.0,97.0
2.0,98.0
99.0,1.0
100.0,0.0
100.0,0.0
0.0,100.0
100.0,0.0
100.0,0.0
0.0,100.0
100.0,0.0
100.0,0.0
100.0,0.0
5.0,95.0
3.0,97.0
0.0,100.0
1.0,99.0
100.0,0.0
1.0,99.0
100.0,0.0
3.0,97.0
100.0,0.0
100.0,0.0
100.0,0.0
100.0,0.0
100.0,0.0
100.0,0.0
100.0,0.0
100.0,0.0
100.0,0.0
100.0,0.0
0.0,100.0
100.0,0.0
91.0,9.0
2.0,98.0
100.0,0.0
2.0,98.0
0.0,100.0
100.0,0.0
100.0,0.0
100.0,0.0
100.0,0.0
100.0,0.0
6.0,94.0
100.0,0.0
100.0,0.0
100.0,0.0
100.0,0.0
100.0,0.0
100.0,0.0
100.0,0.0
100.0,0.0
5.0,95.0
1.0,99.0
100.0,0.0
100.0,0.0
100.0,0.0
0.0,100.0
100.0,0.0
13.0,87.0
100.0,0.0
100.0,0.0
100.0,0.0
5.0,95.0
100.0,0.0
0.0,100.0
0.0,100.0
100.0,0.0
0.0,100.0
1.0,99.0
99.0,1.0
100.0,0.0
100.0,0.0
100.0,0.0
100.0,0.0
100.0,0.0
9.0,91.0
100.0,0.0
100.0,0.0
5.0,95.0
0.0,100.0
1.0,99.0
100.0,0.0
100.0,0.0
3.0,97.0
0.0,100.0
100.0,0.0
99.0,1.0
100.0,0.0
3.0,97.0
100.0,0.0
100.0,0.0
100.0,0.0
2.0,98.0
0.0,100.0
100.0,0.0
1.0,99.0
100.0,0.0
100.0,0.0
100.0,0.0
100.0,0.0
0.0,100.0
100.0,0.0
100.0,0.0
100.0,0.0
100.0,0.0
0.0,100.0
1.0,99.0
0.0,100.0
0.0,100.0
100.0,0.0
0.0,100.0
100.0,0.0
100.0,0.0
1.0,99.0
100.0,0.0
100.0,0.0
100.0,0.0
2.0,98.0
100.0,0.0
0.0,100.0
0.0,100.0
100.0,0.0
100.0,0.0
1.0,99.0
100.0,0.0
100.0,0.0
3.0,97.0
100.0,0.0
100.0,0.0
100.0,0.0
3.0,97.0
100.0,0.0
100.0,0.0
0.0,100.0
100.0,0.0
100.0,0.0
5.0,95.0
100.0,0.0
0.0,100.0
65.0,35.0
100.0,0.0
100.0,0.0
0.0,100.0
100.0,0.0
1.0,99.0
100.0,0.0
0.0,100.0
0.0,100.0
100.0,0.0
100.0,0.0
100.0,0.0
100.0,0.0
99.0,1.0
0.0,100.0
100.0,0.0
9.0,91.0
100.0,0.0
6.0,94.0
100.0,0.0
100.0,0.0
5.0,95.0
100.0,0.0
100.0,0.0
100.0,0.0
100.0,0.0
100.0,0.0
10.0,90.0
2.0,98.0
2.0,98.0
100.0,0.0
0.0,100.0
100.0,0.0
3.0,97.0
100.0,0.0
100.0,0.0
100.0,0.0
22.0,78.0
100.0,0.0
5.0,95.0
7.000000000000001,93.0
10.0,90.0
100.0,0.0
100.0,0.0
12.0,88.0
3.0,97.0
2.0,98.0
100.0,0.0
100.0,0.0
0.0,100.0
0.0,100.0
0.0,100.0
100.0,0.0
100.0,0.0
100.0,0.0
0.0,100.0
24.0,76.0
100.0,0.0
0.0,100.0
100.0,0.0
100.0,0.0
1.0,99.0
100.0,0.0
69.0,31.0
100.0,0.0
100.0,0.0
1.0,99.0
100.0,0.0
100.0,0.0
0.0,100.0
100.0,0.0
2.0,98.0
100.0,0.0
100.0,0.0
99.0,1.0
6.0,94.0
1.0,99.0
100.0,0.0
100.0,0.0
0.0,100.0
100.0,0.0
2.0,98.0
1.0,99.0
100.0,0.0
1.0,99.0
0.0,100.0
100.0,0.0
2.0,98.0
0.0,100.0
100.0,0.0
100.0,0.0
0.0,100.0
0.0,100.0
0.0,100.0
100.0,0.0
100.0,0.0
100.0,0.0
100.0,0.0
0.0,100.0
100.0,0.0
100.0,0.0
0.0,100.0
100.0,0.0
100.0,0.0
100.0,0.0
100.0,0.0
100.0,0.0
100.0,0.0
100.0,0.0
100.0,0.0
100.0,0.0
3.0,97.0
100.0,0.0
100.0,0.0
100.0,0.0
0.0,100.0
0.0,100.0
0.0,100.0
100.0,0.0
2.0,98.0
100.0,0.0
100.0,0.0
100.0,0.0
3.0,97.0
100.0,0.0
100.0,0.0
1.0,99.0
0.0,100.0
100.0,0.0
100.0,0.0
0.0,100.0
100.0,0.0
100.0,0.0
2.0,98.0
9.0,91.0
98.0,2.0
100.0,0.0
100.0,0.0
100.0,0.0
100.0,0.0
100.0,0.0
100.0,0.0
4.0,96.0
100.0,0.0
100.0,0.0
0.0,100.0
100.0,0.0
100.0,0.0
100.0,0.0
100.0,0.0
0.0,100.0
2.0,98.0
100.0,0.0
3.0,97.0
2.0,98.0
0.0,100.0
0.0,100.0
100.0,0.0
0.0,100.0
2.0,98.0
0.0,100.0
100.0,0.0
100.0,0.0
0.0,100.0
100.0,0.0
6.0,94.0
0.0,100.0
100.0,0.0
0.0,100.0
100.0,0.0
0.0,100.0
0.0,100.0
0.0,100.0
16.0,84.0
0.0,100.0
100.0,0.0
0.0,100.0
0.0,100.0
0.0,100.0
100.0,0.0
100.0,0.0
100.0,0.0
100.0,0.0
100.0,0.0
100.0,0.0
0.0,100.0
100.0,0.0
0.0,100.0
1.0,99.0
100.0,0.0
3.0,97.0
0.0,100.0
0.0,100.0
12.750000000000004,87.25
0.0,100.0
100.0,0.0
0.0,100.0
0.0,100.0
0.0,100.0
7.000000000000001,93.0
100.0,0.0
0.0,100.0
100.0,0.0
0.0,100.0
2.0,98.0
0.0,100.0
100.0,0.0
100.0,0.0
3.0,97.0
100.0,0.0
100.0,0.0
100.0,0.0
100.0,0.0
100.0,0.0
100.0,0.0
0.0,100.0
100.0,0.0
100.0,0.0
100.0,0.0
5.0,95.0
100.0,0.0
4.0,96.0
100.0,0.0
100.0,0.0
100.0,0.0
1.0,99.0
100.0,0.0
100.0,0.0
100.0,0.0
1.0,99.0
0.0,100.0
8.0,92.0
1.0,99.0
0.0,100.0
0.0,100.0
100.0,0.0
0.0,100.0
3.0,97.0
0.0,100.0
100.0,0.0
100.0,0.0
0.0,100.0
100.0,0.0
100.0,0.0
100.0,0.0
2.0,98.0
100.0,0.0
99.0,1.0
100.0,0.0
0.0,100.0
100.0,0.0
100.0,0.0
100.0,0.0
100.0,0.0
100.0,0.0
100.0,0.0
0.0,100.0
100.0,0.0
0.0,100.0
100.0,0.0
100.0,0.0
8.0,92.0
100.0,0.0
100.0,0.0
100.0,0.0
0.0,100.0
100.0,0.0
100.0,0.0
100.0,0.0
7.000000000000001,93.0
100.0,0.0
100.0,0.0
0.0,100.0
100.0,0.0
100.0,0.0
100.0,0.0
0.0,100.0
3.0,97.0
0.0,100.0
100.0,0.0
100.0,0.0
100.0,0.0
1.0,99.0
0.0,100.0
100.0,0.0
100.0,0.0
100.0,0.0
100.0,0.0
5.0,95.0
100.0,0.0
2.0,98.0
0.0,100.0
100.0,0.0
0.0,100.0
98.0,2.0
0.0,100.0
100.0,0.0
100.0,0.0
100.0,0.0
100.0,0.0
15.0,85.0
100.0,0.0
0.0,100.0
100.0,0.0
0.0,100.0
1.0,99.0
0.0,100.0
3.0,97.0
100.0,0.0
100.0,0.0
4.0,96.0
2.0,98.0
2.0,98.0
100.0,0.0
100.0,0.0
100.0,0.0
100.0,0.0
0.0,100.0
100.0,0.0
100.0,0.0
100.0,0.0
100.0,0.0
1.0,99.0
0.0,100.0
0.0,100.0
100.0,0.0
100.0,0.0
100.0,0.0
100.0,0.0
100.0,0.0
13.0,87.0
99.0,1.0
100.0,0.0
85.0,15.0
1.0,99.0
100.0,0.0
0.0,100.0
0.0,100.0
0.0,100.0
1.0,99.0
100.0,0.0
100.0,0.0
100.0,0.0
100.0,0.0
100.0,0.0
100.0,0.0
100.0,0.0
100.0,0.0
0.0,100.0
100.0,0.0
100.0,0.0
0.0,100.0
100.0,0.0
100.0,0.0
0.0,100.0
100.0,0.0
0.0,100.0
20.0,80.0
100.0,0.0
100.0,0.0
0.0,100.0
100.0,0.0
100.0,0.0
100.0,0.0
0.0,100.0
100.0,0.0
100.0,0.0
6.0,94.0
100.0,0.0
9.0,91.0
100.0,0.0
0.0,100.0
100.0,0.0
100.0,0.0
100.0,0.0
0.0,100.0
100.0,0.0
100.0,0.0
5.0,95.0
100.0,0.0
100.0,0.0
1.0,99.0
100.0,0.0
100.0,0.0
0.0,100.0
100.0,0.0
0.0,100.0
100.0,0.0
100.0,0.0
100.0,0.0
1.0,99.0
94.0,6.0
0.0,100.0
0.0,100.0
0.0,100.0
100.0,0.0
1.0,99.0
0.0,100.0
4.0,96.0
0.0,100.0
100.0,0.0
100.0,0.0
0.0,100.0
8.0,92.0
4.0,96.0
100.0,0.0
100.0,0.0
100.0,0.0
0.0,100.0
0.0,100.0
100.0,0.0
100.0,0.0
100.0,0.0
100.0,0.0
100.0,0.0
100.0,0.0
100.0,0.0
100.0,0.0
0.0,100.0
100.0,0.0
2.0,98.0
0.0,100.0
0.0,100.0
0.0,100.0
3.0,97.0
0.0,100.0
0.0,100.0
100.0,0.0
100.0,0.0
100.0,0.0
100.0,0.0
1.0,99.0
0.0,100.0
100.0,0.0
100.0,0.0
6.0,94.0
0.0,100.0
100.0,0.0
100.0,0.0
1.0,99.0
1.0,99.0
0.0,100.0
100.0,0.0
100.0,0.0
2.0,98.0
0.0,100.0
100.0,0.0
100.0,0.0
0.0,100.0
100.0,0.0
100.0,0.0
100.0,0.0
100.0,0.0
100.0,0.0
0.0,100.0
100.0,0.0
100.0,0.0
94.0,6.0
100.0,0.0
100.0,0.0
1.0,99.0
100.0,0.0
100.0,0.0
3.0,97.0
91.0,9.0
100.0,0.0
100.0,0.0
100.0,0.0
100.0,0.0
1.0,99.0
100.0,0.0
100.0,0.0
100.0,0.0
15.0,85.0
100.0,0.0
100.0,0.0
98.0,2.0
100.0,0.0
100.0,0.0
0.0,100.0
100.0,0.0
100.0,0.0
100.0,0.0
100.0,0.0
0.0,100.0
100.0,0.0
1.0,99.0
100.0,0.0
100.0,0.0
100.0,0.0
100.0,0.0
0.0,100.0
100.0,0.0
100.0,0.0
100.0,0.0
0.0,100.0
100.0,0.0
100.0,0.0
0.0,100.0
100.0,0.0
100.0,0.0
100.0,0.0
3.0,97.0
0.0,100.0
21.0,79.0
100.0,0.0
100.0,0.0
100.0,0.0
100.0,0.0
100.0,0.0
0.0,100.0
100.0,0.0
1.0,99.0
0.0,100.0
3.0,97.0
2.0,98.0
0.0,100.0
100.0,0.0
0.0,100.0
100.0,0.0
100.0,0.0
0.0,100.0
100.0,0.0
1.0,99.0
99.0,1.0
5.0,95.0
100.0,0.0
3.0,97.0
100.0,0.0
0.0,100.0
100.0,0.0
0.0,100.0
86.0,14.000000000000002
100.0,0.0
100.0,0.0
5.0,95.0
0.0,100.0
0.0,100.0
0.0,100.0
100.0,0.0
100.0,0.0
100.0,0.0
100.0,0.0
0.0,100.0
100.0,0.0
1.0,99.0
100.0,0.0
4.0,96.0
100.0,0.0
0.0,100.0
100.0,0.0
100.0,0.0
100.0,0.0
100.0,0.0
100.0,0.0
0.0,100.0
1.0,99.0
100.0,0.0
1.0,99.0
0.0,100.0
0.0,100.0
100.0,0.0
100.0,0.0
100.0,0.0
100.0,0.0
0.0,100.0
100.0,0.0
100.0,0.0
100.0,0.0
1.0,99.0
100.0,0.0
100.0,0.0
1.0,99.0
100.0,0.0
100.0,0.0
100.0,0.0
100.0,0.0
100.0,0.0
0.0,100.0
100.0,0.0
100.0,0.0
100.0,0.0
100.0,0.0
100.0,0.0
0.0,100.0
100.0,0.0
0.0,100.0
100.0,0.0
100.0,0.0
100.0,0.0
61.0,39.0
10.0,90.0
0.0,100.0
1.0,99.0
0.0,100.0
100.0,0.0
100.0,0.0
100.0,0.0
100.0,0.0
100.0,0.0
100.0,0.0
100.0,0.0
100.0,0.0
100.0,0.0
100.0,0.0
100.0,0.0
100.0,0.0
0.0,100.0
0.0,100.0
100.0,0.0
100.0,0.0
100.0,0.0
7.000000000000001,93.0
100.0,0.0
0.0,100.0
100.0,0.0
100.0,0.0
0.0,100.0
100.0,0.0
100.0,0.0
100.0,0.0
100.0,0.0
100.0,0.0
0.0,100.0
100.0,0.0
100.0,0.0
100.0,0.0
0.0,100.0
0.0,100.0
0.0,100.0
100.0,0.0
100.0,0.0
100.0,0.0
100.0,0.0
20.0,80.0
100.0,0.0
100.0,0.0
100.0,0.0
0.0,100.0
100.0,0.0
86.0,14.000000000000002
100.0,0.0
100.0,0.0
7.000000000000001,93.0
0.0,100.0
100.0,0.0
99.0,1.0
100.0,0.0
0.0,100.0
100.0,0.0
100.0,0.0
100.0,0.0
0.0,100.0
0.0,100.0
100.0,0.0
100.0,0.0
100.0,0.0
100.0,0.0
100.0,0.0
100.0,0.0
100.0,0.0
100.0,0.0
100.0,0.0
100.0,0.0
100.0,0.0
100.0,0.0
0.0,100.0
0.0,100.0
100.0,0.0
100.0,0.0
100.0,0.0
100.0,0.0
7.000000000000001,93.0
0.0,100.0
0.0,100.0
100.0,0.0
0.0,100.0
100.0,0.0
100.0,0.0
0.0,100.0
100.0,0.0
100.0,0.0
100.0,0.0
0.0,100.0
0.0,100.0
100.0,0.0
0.0,100.0
1.0,99.0
100.0,0.0
0.0,100.0
100.0,0.0
100.0,0.0
100.0,0.0
0.0,100.0
74.0,26.0
100.0,0.0
0.0,100.0
100.0,0.0
1.0,99.0
100.0,0.0
0.0,100.0
0.0,100.0
100.0,0.0
1.0,99.0
0.0,100.0
0.0,100.0
0.0,100.0
100.0,0.0
100.0,0.0
100.0,0.0
99.0,1.0
0.0,100.0
100.0,0.0
99.0,1.0
0.0,100.0
100.0,0.0
100.0,0.0
100.0,0.0
100.0,0.0
100.0,0.0
0.0,100.0
2.0,98.0
1.0,99.0
0.0,100.0
100.0,0.0
100.0,0.0
100.0,0.0
100.0,0.0
100.0,0.0
100.0,0.0
0.0,100.0
100.0,0.0
100.0,0.0
0.0,100.0
0.0,100.0
100.0,0.0
2.0,98.0
0.0,100.0
93.0,7.000000000000001
0.0,100.0
100.0,0.0
99.0,1.0
100.0,0.0
100.0,0.0
100.0,0.0
100.0,0.0
100.0,0.0
100.0,0.0
100.0,0.0
100.0,0.0
0.0,100.0
0.0,100.0
100.0,0.0
100.0,0.0
0.0,100.0
100.0,0.0
100.0,0.0
100.0,0.0
5.0,95.0
0.0,100.0
8.0,92.0
100.0,0.0
100.0,0.0
99.0,1.0
100.0,0.0
100.0,0.0
100.0,0.0
0.0,100.0
99.0,1.0
100.0,0.0
0.0,100.0
6.0,94.0
88.0,12.0
0.0,100.0
0.0,100.0
0.0,100.0
100.0,0.0
99.0,1.0
0.0,100.0
100.0,0.0
100.0,0.0
0.0,100.0
100.0,0.0
0.0,100.0
100.0,0.0
100.0,0.0
100.0,0.0
1.0,99.0
0.0,100.0
100.0,0.0
0.0,100.0
100.0,0.0
100.0,0.0
0.0,100.0
3.0,97.0
100.0,0.0
100.0,0.0
100.0,0.0
0.0,100.0
94.0,6.0
0.0,100.0
0.0,100.0
100.0,0.0
3.0,97.0
100.0,0.0
4.0,96.0
100.0,0.0
3.0,97.0
0.0,100.0
0.0,100.0
100.0,0.0
0.0,100.0
3.0,97.0
0.0,100.0
100.0,0.0
100.0,0.0
100.0,0.0
0.0,100.0
100.0,0.0
0.0,100.0
100.0,0.0
1.0,99.0
1.0,99.0
0.0,100.0
100.0,0.0
100.0,0.0
100.0,0.0
3.0,97.0
0.0,100.0
100.0,0.0
1.0,99.0
0.0,100.0
5.0,95.0
4.0,96.0
100.0,0.0
100.0,0.0
0.0,100.0
100.0,0.0
100.0,0.0
100.0,0.0
100.0,0.0
100.0,0.0
100.0,0.0
100.0,0.0
100.0,0.0
0.0,100.0
100.0,0.0
100.0,0.0
100.0,0.0
3.0,97.0
100.0,0.0
99.0,1.0
100.0,0.0
100.0,0.0
100.0,0.0
0.0,100.0
100.0,0.0
0.0,100.0
100.0,0.0
0.0,100.0
1.0,99.0
100.0,0.0
99.0,1.0
100.0,0.0
0.0,100.0
9.0,91.0
100.0,0.0
100.0,0.0
1.0,99.0
100.0,0.0
100.0,0.0
100.0,0.0
1.0,99.0
100.0,0.0
0.0,100.0
0.0,100.0
98.0,2.0
100.0,0.0
100.0,0.0
100.0,0.0
100.0,0.0
100.0,0.0
0.0,100.0
5.0,95.0
100.0,0.0
0.0,100.0
95.0,5.0
57.99999999999999,42.0
100.0,0.0
100.0,0.0
100.0,0.0
98.0,2.0
5.0,95.0
100.0,0.0
100.0,0.0
100.0,0.0
100.0,0.0
100.0,0.0
100.0,0.0
0.0,100.0
14.000000000000002,86.0
100.0,0.0
0.0,100.0
100.0,0.0
100.0,0.0
100.0,0.0
0.0,100.0
100.0,0.0
1.0,99.0
1.0,99.0
0.0,100.0
100.0,0.0
100.0,0.0
100.0,0.0
100.0,0.0
0.0,100.0
100.0,0.0
100.0,0.0
100.0,0.0
0.0,100.0
0.0,100.0
100.0,0.0
0.0,100.0
98.0,2.0
100.0,0.0
0.0,100.0
100.0,0.0
96.0,4.0
100.0,0.0
0.0,100.0
61.0,39.0
100.0,0.0
100.0,0.0
100.0,0.0
100.0,0.0
0.0,100.0
0.0,100.0
0.0,100.0
5.0,95.0
100.0,0.0
100.0,0.0
100.0,0.0
0.0,100.0
100.0,0.0
100.0,0.0
100.0,0.0
3.0,97.0
99.0,1.0
3.0,97.0
100.0,0.0
4.0,96.0
100.0,0.0
0.0,100.0
100.0,0.0
0.0,100.0
100.0,0.0
3.0,97.0
0.0,100.0
0.0,100.0
1.0,99.0
100.0,0.0
100.0,0.0
100.0,0.0
7.000000000000001,93.0
100.0,0.0
0.0,100.0
100.0,0.0
100.0,0.0
0.0,100.0
100.0,0.0
0.0,100.0
100.0,0.0
100.0,0.0
0.0,100.0
100.0,0.0
100.0,0.0
0.0,100.0
0.0,100.0
100.0,0.0
0.0,100.0
1.0,99.0
100.0,0.0
100.0,0.0
100.0,0.0
100.0,0.0
100.0,0.0
3.0,97.0
100.0,0.0
100.0,0.0
100.0,0.0
100.0,0.0
100.0,0.0
100.0,0.0
100.0,0.0
0.0,100.0
100.0,0.0
100.0,0.0
0.0,100.0
100.0,0.0
100.0,0.0
100.0,0.0
100.0,0.0
100.0,0.0
1.0,99.0
100.0,0.0
4.0,96.0
100.0,0.0
4.0,96.0
100.0,0.0
0.0,100.0
0.0,100.0
100.0,0.0
100.0,0.0
100.0,0.0
100.0,0.0
100.0,0.0
81.0,19.0
100.0,0.0
100.0,0.0
100.0,0.0
2.0,98.0
100.0,0.0
100.0,0.0
1.0,99.0
100.0,0.0
100.0,0.0
3.0,97.0
1.0,99.0
100.0,0.0
100.0,0.0
100.0,0.0
100.0,0.0
100.0,0.0
100.0,0.0
100.0,0.0
1.0,99.0
6.0,94.0
100.0,0.0
100.0,0.0
3.0,97.0
100.0,0.0
100.0,0.0
100.0,0.0
0.0,100.0
100.0,0.0
100.0,0.0
100.0,0.0
0.0,100.0
100.0,0.0
0.0,100.0
0.0,100.0
100.0,0.0
100.0,0.0
100.0,0.0
2.0,98.0
100.0,0.0
100.0,0.0
100.0,0.0
100.0,0.0
0.0,100.0
100.0,0.0
100.0,0.0
3.0,97.0
0.0,100.0
0.0,100.0
100.0,0.0
0.0,100.0
0.0,100.0
0.0,100.0
100.0,0.0
7.000000000000001,93.0
100.0,0.0
100.0,0.0
0.0,100.0
0.0,100.0
0.0,100.0
0.0,100.0
100.0,0.0
100.0,0.0
100.0,0.0
100.0,0.0
100.0,0.0
0.0,100.0
100.0,0.0
0.0,100.0
100.0,0.0
100.0,0.0
0.0,100.0
100.0,0.0
100.0,0.0
100.0,0.0
100.0,0.0
100.0,0.0
100.0,0.0
100.0,0.0
1.0,99.0
100.0,0.0
100.0,0.0
5.0,95.0
0.0,100.0
100.0,0.0
100.0,0.0
0.0,100.0
0.0,100.0
100.0,0.0
100.0,0.0
100.0,0.0
100.0,0.0
100.0,0.0
0.0,100.0
100.0,0.0
7.000000000000001,93.0
0.0,100.0
0.0,100.0
100.0,0.0
24.0,76.0
100.0,0.0
100.0,0.0
1.0,99.0
100.0,0.0
0.0,100.0
100.0,0.0
1.0,99.0
100.0,0.0
0.0,100.0
100.0,0.0
0.0,100.0
0.0,100.0
100.0,0.0
100.0,0.0
0.0,100.0
1.0,99.0
100.0,0.0
3.0,97.0
100.0,0.0
100.0,0.0
100.0,0.0
100.0,0.0
100.0,0.0
100.0,0.0
0.0,100.0
100.0,0.0
0.0,100.0
100.0,0.0
100.0,0.0
0.0,100.0
100.0,0.0
0.0,100.0
86.0,14.000000000000002
100.0,0.0
100.0,0.0
100.0,0.0
0.0,100.0
100.0,0.0
98.0,2.0
100.0,0.0
0.0,100.0
1.0,99.0
0.0,100.0
0.0,100.0
100.0,0.0
100.0,0.0
0.0,100.0
1.0,99.0
100.0,0.0
100.0,0.0
100.0,0.0
100.0,0.0
100.0,0.0
100.0,0.0
0.0,100.0
0.0,100.0
100.0,0.0
99.0,1.0
0.0,100.0
0.0,100.0
100.0,0.0
0.0,100.0
100.0,0.0
17.0,83.0
2.0,98.0
100.0,0.0
100.0,0.0
100.0,0.0
1.0,99.0
100.0,0.0
100.0,0.0
100.0,0.0
100.0,0.0
100.0,0.0
100.0,0.0
100.0,0.0
100.0,0.0
0.0,100.0
100.0,0.0
100.0,0.0
0.0,100.0
100.0,0.0
100.0,0.0
100.0,0.0
100.0,0.0
1.0,99.0
100.0,0.0
100.0,0.0
0.0,100.0
0.0,100.0
100.0,0.0
12.0,88.0
0.0,100.0
4.0,96.0
1.0,99.0
97.0,3.0
100.0,0.0
100.0,0.0
100.0,0.0
100.0,0.0
100.0,0.0
1.0,99.0
100.0,0.0
0.0,100.0
6.0,94.0
100.0,0.0
100.0,0.0
4.0,96.0
100.0,0.0
100.0,0.0
1.0,99.0
100.0,0.0
100.0,0.0
100.0,0.0
100.0,0.0
100.0,0.0
100.0,0.0
0.0,100.0
95.0,5.0
100.0,0.0
100.0,0.0
100.0,0.0
2.0,98.0
100.0,0.0
48.0,52.0
100.0,0.0
100.0,0.0
100.0,0.0
98.0,2.0
100.0,0.0
100.0,0.0
100.0,0.0
100.0,0.0
0.0,100.0
100.0,0.0
100.0,0.0
100.0,0.0
100.0,0.0
8.0,92.0
100.0,0.0
100.0,0.0
0.0,100.0
100.0,0.0
100.0,0.0
100.0,0.0
100.0,0.0
2.0,98.0
100.0,0.0
100.0,0.0
100.0,0.0
100.0,0.0
96.0,4.0
100.0,0.0
100.0,0.0
100.0,0.0
100.0,0.0
100.0,0.0
100.0,0.0
100.0,0.0
36.0,64.0
30.0,70.0
100.0,0.0
100.0,0.0
0.0,100.0
100.0,0.0
100.0,0.0
1.0,99.0
100.0,0.0
100.0,0.0
97.0,3.0
100.0,0.0
100.0,0.0
0.0,100.0
100.0,0.0
100.0,0.0
100.0,0.0
100.0,0.0
3.0,97.0
100.0,0.0
0.0,100.0
0.0,100.0
1.0,99.0
2.0,98.0
100.0,0.0
0.0,100.0
100.0,0.0
96.0,4.0
0.0,100.0
100.0,0.0
0.0,100.0
100.0,0.0
100.0,0.0
0.0,100.0
100.0,0.0
100.0,0.0
100.0,0.0
100.0,0.0
0.0,100.0
0.0,100.0
100.0,0.0
100.0,0.0
100.0,0.0
0.0,100.0
100.0,0.0
0.0,100.0
2.0,98.0
97.0,3.0
100.0,0.0
100.0,0.0
100.0,0.0
100.0,0.0
100.0,0.0
100.0,0.0
81.0,19.0
99.0,1.0
100.0,0.0
100.0,0.0
100.0,0.0
2.0,98.0
100.0,0.0
100.0,0.0
1.0,99.0
99.0,1.0
1.0,99.0
100.0,0.0
1.0,99.0
100.0,0.0
100.0,0.0
100.0,0.0
100.0,0.0
0.0,100.0
100.0,0.0
100.0,0.0
100.0,0.0
100.0,0.0
100.0,0.0
97.0,3.0
2.0,98.0
100.0,0.0
96.0,4.0
100.0,0.0
1.0,99.0
100.0,0.0
1.0,99.0
0.0,100.0
0.0,100.0
0.0,100.0
3.0,97.0
1.0,99.0
100.0,0.0
100.0,0.0
0.0,100.0
100.0,0.0
100.0,0.0
100.0,0.0
0.0,100.0
100.0,0.0
1.0,99.0
100.0,0.0
100.0,0.0
0.0,100.0
0.0,100.0
1.0,99.0
100.0,0.0
100.0,0.0
0.0,100.0
4.0,96.0
100.0,0.0
100.0,0.0
100.0,0.0
2.0,98.0
1.0,99.0
100.0,0.0
0.0,100.0
0.0,100.0
0.0,100.0
100.0,0.0
100.0,0.0
100.0,0.0
0.0,100.0
100.0,0.0
100.0,0.0
1.0,99.0
100.0,0.0
0.0,100.0
100.0,0.0
100.0,0.0
100.0,0.0
100.0,0.0
100.0,0.0
0.0,100.0
100.0,0.0
100.0,0.0
100.0,0.0
40.0,60.0
100.0,0.0
100.0,0.0
99.0,1.0
100.0,0.0
0.0,100.0
1.0,99.0
100.0,0.0
100.0,0.0
100.0,0.0
2.0,98.0
100.0,0.0
1.0,99.0
0.0,100.0
100.0,0.0
0.0,100.0
0.0,100.0
83.0,17.0
100.0,0.0
100.0,0.0
99.0,1.0
100.0,0.0
100.0,0.0
0.0,100.0
0.0,100.0
100.0,0.0
100.0,0.0
100.0,0.0
100.0,0.0
100.0,0.0
100.0,0.0
1.0,99.0
100.0,0.0
1.0,99.0
100.0,0.0
1.0,99.0
1.0,99.0
0.0,100.0
100.0,0.0
100.0,0.0
0.0,100.0
0.0,100.0
3.0,97.0
0.0,100.0
100.0,0.0
100.0,0.0
6.0,94.0
0.0,100.0
100.0,0.0
16.0,84.0
0.0,100.0
0.0,100.0
100.0,0.0
0.0,100.0
100.0,0.0
100.0,0.0
100.0,0.0
0.0,100.0
100.0,0.0
0.0,100.0
0.0,100.0
100.0,0.0
100.0,0.0
99.0,1.0
100.0,0.0
100.0,0.0
100.0,0.0
100.0,0.0
100.0,0.0
100.0,0.0
99.0,1.0
3.0,97.0
100.0,0.0
17.0,83.0
100.0,0.0
7.000000000000001,93.0
0.0,100.0
100.0,0.0
100.0,0.0
100.0,0.0
0.0,100.0
100.0,0.0
100.0,0.0
100.0,0.0
0.0,100.0
100.0,0.0
100.0,0.0
100.0,0.0
100.0,0.0
0.0,100.0
0.0,100.0
1.0,99.0
0.0,100.0
2.0,98.0
0.0,100.0
100.0,0.0
2.0,98.0
0.0,100.0
100.0,0.0
1.0,99.0
100.0,0.0
0.0,100.0
1.0,99.0
100.0,0.0
0.0,100.0
100.0,0.0
100.0,0.0
100.0,0.0
100.0,0.0
100.0,0.0
100.0,0.0
100.0,0.0
6.0,94.0
100.0,0.0
1.0,99.0
100.0,0.0
0.0,100.0
100.0,0.0
100.0,0.0
0.0,100.0
1.0,99.0
0.0,100.0
100.0,0.0
0.0,100.0
100.0,0.0
2.0,98.0
100.0,0.0
100.0,0.0
100.0,0.0
100.0,0.0
100.0,0.0
0.0,100.0
0.0,100.0
100.0,0.0
0.0,100.0
2.0,98.0
100.0,0.0
0.0,100.0
100.0,0.0
0.0,100.0
100.0,0.0
100.0,0.0
0.0,100.0
0.0,100.0
100.0,0.0
0.0,100.0
0.0,100.0
100.0,0.0
0.0,100.0
1.0,99.0
100.0,0.0
0.0,100.0
4.0,96.0
0.0,100.0
100.0,0.0
0.0,100.0
100.0,0.0
100.0,0.0
100.0,0.0
4.0,96.0
100.0,0.0
100.0,0.0
100.0,0.0
100.0,0.0
100.0,0.0
100.0,0.0
100.0,0.0
100.0,0.0
0.0,100.0
100.0,0.0
100.0,0.0
100.0,0.0
0.0,100.0
100.0,0.0
100.0,0.0
100.0,0.0
100.0,0.0
100.0,0.0
0.0,100.0
100.0,0.0
100.0,0.0
0.0,100.0
100.0,0.0
100.0,0.0
11.0,89.0
35.0,65.0
100.0,0.0
100.0,0.0
0.0,100.0
4.0,96.0
0.0,100.0
100.0,0.0
100.0,0.0
98.0,2.0
100.0,0.0
100.0,0.0
0.0,100.0
100.0,0.0
2.0,98.0
13.0,87.0
100.0,0.0
0.0,100.0
100.0,0.0
100.0,0.0
98.0,2.0
1.0,99.0
100.0,0.0
0.0,100.0
3.0,97.0
100.0,0.0
100.0,0.0
100.0,0.0
100.0,0.0
100.0,0.0
100.0,0.0
0.0,100.0
0.0,100.0
0.0,100.0
99.0,1.0
100.0,0.0
0.0,100.0
100.0,0.0
100.0,0.0
100.0,0.0
100.0,0.0
0.0,100.0
10.0,90.0
100.0,0.0
100.0,0.0
0.0,100.0
100.0,0.0
99.0,1.0
100.0,0.0
100.0,0.0
100.0,0.0
100.0,0.0
100.0,0.0
100.0,0.0
0.0,100.0
100.0,0.0
0.0,100.0
0.0,100.0
100.0,0.0
0.0,100.0
100.0,0.0
100.0,0.0
100.0,0.0
100.0,0.0
100.0,0.0
0.0,100.0
100.0,0.0
100.0,0.0
100.0,0.0
0.0,100.0
100.0,0.0
100.0,0.0
100.0,0.0
3.0,97.0
100.0,0.0
100.0,0.0
100.0,0.0
100.0,0.0
99.0,1.0
0.0,100.0
86.0,14.000000000000002
100.0,0.0
100.0,0.0
1.0,99.0
100.0,0.0
100.0,0.0
100.0,0.0
99.0,1.0
100.0,0.0
0.0,100.0
100.0,0.0
100.0,0.0
0.0,100.0
0.0,100.0
100.0,0.0
100.0,0.0
0.0,100.0
0.0,100.0
100.0,0.0
100.0,0.0
100.0,0.0
100.0,0.0
9.0,91.0
100.0,0.0
0.0,100.0
100.0,0.0
100.0,0.0
100.0,0.0
100.0,0.0
2.0,98.0
100.0,0.0
0.0,100.0
100.0,0.0
100.0,0.0
100.0,0.0
6.0,94.0
1.0,99.0
100.0,0.0
100.0,0.0
94.0,6.0
100.0,0.0
100.0,0.0
100.0,0.0
100.0,0.0
100.0,0.0
0.0,100.0
100.0,0.0
100.0,0.0
100.0,0.0
100.0,0.0
0.0,100.0
0.0,100.0
100.0,0.0
100.0,0.0
100.0,0.0
100.0,0.0
100.0,0.0
100.0,0.0
100.0,0.0
0.0,100.0
100.0,0.0
0.0,100.0
0.0,100.0
0.0,100.0
100.0,0.0
100.0,0.0
100.0,0.0
0.0,100.0
0.0,100.0
99.0,1.0
0.0,100.0
100.0,0.0
100.0,0.0
100.0,0.0
0.0,100.0
100.0,0.0
100.0,0.0
100.0,0.0
0.0,100.0
100.0,0.0
100.0,0.0
100.0,0.0
100.0,0.0
1.0,99.0
100.0,0.0
0.0,100.0
99.0,1.0
100.0,0.0
100.0,0.0
100.0,0.0
100.0,0.0
100.0,0.0
100.0,0.0
100.0,0.0
100.0,0.0
100.0,0.0
99.0,1.0
0.0,100.0
100.0,0.0
100.0,0.0
100.0,0.0
0.0,100.0
100.0,0.0
0.0,100.0
0.0,100.0
6.0,94.0
97.0,3.0
100.0,0.0
100.0,0.0
100.0,0.0
100.0,0.0
100.0,0.0
0.0,100.0
0.0,100.0
17.0,83.0
9.0,91.0
100.0,0.0
0.0,100.0
0.0,100.0
100.0,0.0
100.0,0.0
20.0,80.0
2.0,98.0
100.0,0.0
100.0,0.0
3.0,97.0
0.0,100.0
0.0,100.0
100.0,0.0
100.0,0.0
100.0,0.0
100.0,0.0
0.0,100.0
1.0,99.0
2.0,98.0
1.0,99.0
100.0,0.0
0.0,100.0
100.0,0.0
100.0,0.0
100.0,0.0
100.0,0.0
100.0,0.0
0.0,100.0
0.0,100.0
0.0,100.0
100.0,0.0
95.0,5.0
100.0,0.0
4.0,96.0
0.0,100.0
100.0,0.0
100.0,0.0
100.0,0.0
100.0,0.0
100.0,0.0
100.0,0.0
2.0,98.0
0.0,100.0
100.0,0.0
0.0,100.0
100.0,0.0
19.0,81.0
100.0,0.0
100.0,0.0
100.0,0.0
99.0,1.0
42.0,57.99999999999999
100.0,0.0
100.0,0.0
100.0,0.0
100.0,0.0
100.0,0.0
100.0,0.0
2.0,98.0
100.0,0.0
100.0,0.0
100.0,0.0
100.0,0.0
100.0,0.0
100.0,0.0
98.0,2.0
99.0,1.0
3.0,97.0
1.0,99.0
100.0,0.0
100.0,0.0
0.0,100.0
100.0,0.0
100.0,0.0
100.0,0.0
100.0,0.0
100.0,0.0
100.0,0.0
100.0,0.0
100.0,0.0
0.0,100.0
100.0,0.0
100.0,0.0
100.0,0.0
100.0,0.0
100.0,0.0
100.0,0.0
100.0,0.0
0.0,100.0
100.0,0.0
1.0,99.0
100.0,0.0
100.0,0.0
100.0,0.0
5.0,95.0
100.0,0.0
100.0,0.0
6.0,94.0
0.0,100.0
0.0,100.0
100.0,0.0
89.0,11.0
0.0,100.0
0.0,100.0
0.0,100.0
100.0,0.0
100.0,0.0
100.0,0.0
100.0,0.0
100.0,0.0
0.0,100.0
100.0,0.0
100.0,0.0
100.0,0.0
98.0,2.0
100.0,0.0
100.0,0.0
16.0,84.0
100.0,0.0
100.0,0.0
100.0,0.0
23.0,77.0
0.0,100.0
100.0,0.0
2.0,98.0
100.0,0.0
0.0,100.0
100.0,0.0
100.0,0.0
100.0,0.0
0.0,100.0
100.0,0.0
100.0,0.0
2.0,98.0
0.0,100.0
0.0,100.0
1.0,99.0
0.0,100.0
100.0,0.0
100.0,0.0
0.0,100.0
100.0,0.0
0.0,100.0
0.0,100.0
100.0,0.0
100.0,0.0
0.0,100.0
0.0,100.0
100.0,0.0
100.0,0.0
100.0,0.0
12.0,88.0
100.0,0.0
6.0,94.0
1.0,99.0
99.0,1.0
0.0,100.0
0.0,100.0
100.0,0.0
100.0,0.0
100.0,0.0
100.0,0.0
0.0,100.0
0.0,100.0
0.0,100.0
100.0,0.0
0.0,100.0
100.0,0.0
0.0,100.0
100.0,0.0
100.0,0.0
100.0,0.0
0.0,100.0
100.0,0.0
100.0,0.0
100.0,0.0
0.0,100.0
0.0,100.0
100.0,0.0
0.0,100.0
100.0,0.0
100.0,0.0
3.0,97.0
100.0,0.0
0.0,100.0
100.0,0.0
3.0,97.0
0.0,100.0
100.0,0.0
3.0,97.0
100.0,0.0
0.0,100.0
100.0,0.0
100.0,0.0
100.0,0.0
100.0,0.0
0.0,100.0
3.0,97.0
100.0,0.0
100.0,0.0
0.0,100.0
100.0,0.0
100.0,0.0
100.0,0.0
100.0,0.0
100.0,0.0
12.0,88.0
100.0,0.0
0.0,100.0
0.0,100.0
0.0,100.0
100.0,0.0
0.0,100.0
100.0,0.0
100.0,0.0
93.0,7.000000000000001
100.0,0.0
1.0,99.0
90.0,10.0
100.0,0.0
0.0,100.0
0.0,100.0
100.0,0.0
0.0,100.0
0.0,100.0
100.0,0.0
0.0,100.0
100.0,0.0
100.0,0.0
100.0,0.0
100.0,0.0
100.0,0.0
0.0,100.0
100.0,0.0
5.0,95.0
0.0,100.0
100.0,0.0
5.0,95.0
99.0,1.0
100.0,0.0
100.0,0.0
100.0,0.0
100.0,0.0
0.0,100.0
100.0,0.0
100.0,0.0
0.0,100.0
0.0,100.0
2.0,98.0
100.0,0.0
0.0,100.0
100.0,0.0
100.0,0.0
100.0,0.0
1.0,99.0
0.0,100.0
1.0,99.0
100.0,0.0
0.0,100.0
100.0,0.0
100.0,0.0
3.0,97.0
100.0,0.0
100.0,0.0
100.0,0.0
100.0,0.0
100.0,0.0
0.0,100.0
0.0,100.0
99.0,1.0
100.0,0.0
100.0,0.0
100.0,0.0
0.0,100.0
100.0,0.0
100.0,0.0
0.0,100.0
100.0,0.0
6.0,94.0
100.0,0.0
0.0,100.0
100.0,0.0
100.0,0.0
100.0,0.0
0.0,100.0
0.0,100.0
100.0,0.0
100.0,0.0
0.0,100.0
0.0,100.0
100.0,0.0
0.0,100.0
1.0,99.0
0.0,100.0
100.0,0.0
100.0,0.0
21.0,79.0
100.0,0.0
100.0,0.0
100.0,0.0
100.0,0.0
1.0,99.0
0.0,100.0
96.0,4.0
100.0,0.0
100.0,0.0
100.0,0.0
100.0,0.0
0.0,100.0
100.0,0.0
100.0,0.0
100.0,0.0
100.0,0.0
0.0,100.0
100.0,0.0
0.0,100.0
100.0,0.0
100.0,0.0
100.0,0.0
100.0,0.0
100.0,0.0
7.000000000000001,93.0
3.0,97.0
100.0,0.0
100.0,0.0
100.0,0.0
100.0,0.0
100.0,0.0
3.0,97.0
1.0,99.0
100.0,0.0
100.0,0.0
0.0,100.0
100.0,0.0
100.0,0.0
100.0,0.0
10.0,90.0
9.0,91.0
64.0,36.0
100.0,0.0
100.0,0.0
100.0,0.0
0.0,100.0
100.0,0.0
100.0,0.0
81.0,19.0
0.0,100.0
100.0,0.0
100.0,0.0
100.0,0.0
100.0,0.0
0.0,100.0
100.0,0.0
0.0,100.0
100.0,0.0
0.0,100.0
100.0,0.0
100.0,0.0
100.0,0.0
100.0,0.0
0.0,100.0
2.0,98.0
100.0,0.0
100.0,0.0
100.0,0.0
100.0,0.0
0.0,100.0
0.0,100.0
100.0,0.0
4.0,96.0
100.0,0.0
1.0,99.0
0.0,100.0
2.0,98.0
100.0,0.0
100.0,0.0
100.0,0.0
100.0,0.0
100.0,0.0
100.0,0.0
100.0,0.0
0.0,100.0
0.0,100.0
100.0,0.0
0.0,100.0
100.0,0.0
100.0,0.0
100.0,0.0
100.0,0.0
99.0,1.0
100.0,0.0
99.0,1.0
0.0,100.0
7.000000000000001,93.0
0.0,100.0
100.0,0.0
0.0,100.0
4.0,96.0
100.0,0.0
3.0,97.0
0.0,100.0
6.0,94.0
1.0,99.0
0.0,100.0
100.0,0.0
100.0,0.0
1.0,99.0
100.0,0.0
100.0,0.0
100.0,0.0
100.0,0.0
100.0,0.0
100.0,0.0
100.0,0.0
100.0,0.0
0.0,100.0
100.0,0.0
100.0,0.0
100.0,0.0
1.0,99.0
100.0,0.0
0.0,100.0
100.0,0.0
100.0,0.0
100.0,0.0
100.0,0.0
100.0,0.0
100.0,0.0
100.0,0.0
100.0,0.0
100.0,0.0
100.0,0.0
100.0,0.0
0.0,100.0
100.0,0.0
99.0,1.0
100.0,0.0
97.0,3.0
0.0,100.0
99.0,1.0
100.0,0.0
0.0,100.0
0.0,100.0
100.0,0.0
100.0,0.0
1.0,99.0
0.0,100.0
100.0,0.0
100.0,0.0
0.0,100.0
100.0,0.0
100.0,0.0
100.0,0.0
100.0,0.0
0.0,100.0
1.0,99.0
100.0,0.0
100.0,0.0
0.0,100.0
0.0,100.0
100.0,0.0
100.0,0.0
1.0,99.0
1.0,99.0
0.0,100.0
100.0,0.0
2.0,98.0
0.0,100.0
1.0,99.0
0.0,100.0
1.0,99.0
0.0,100.0
6.0,94.0
0.0,100.0
100.0,0.0
0.0,100.0
0.0,100.0
100.0,0.0
100.0,0.0
100.0,0.0
100.0,0.0
100.0,0.0
100.0,0.0
100.0,0.0
100.0,0.0
100.0,0.0
100.0,0.0
0.0,100.0
0.0,100.0
100.0,0.0
100.0,0.0
100.0,0.0
100.0,0.0
3.0,97.0
0.0,100.0
100.0,0.0
0.0,100.0
100.0,0.0
0.0,100.0
100.0,0.0
3.0,97.0
100.0,0.0
100.0,0.0
1.0,99.0
0.0,100.0
100.0,0.0
100.0,0.0
100.0,0.0
0.0,100.0
100.0,0.0
100.0,0.0
100.0,0.0
2.0,98.0
0.0,100.0
13.0,87.0
0.0,100.0
100.0,0.0
0.0,100.0
100.0,0.0
100.0,0.0
2.0,98.0
100.0,0.0
2.0,98.0
100.0,0.0
8.0,92.0
100.0,0.0
100.0,0.0
1.0,99.0
100.0,0.0
100.0,0.0
0.0,100.0
100.0,0.0
100.0,0.0
100.0,0.0
100.0,0.0
0.0,100.0
100.0,0.0
0.0,100.0
100.0,0.0
0.0,100.0
100.0,0.0
100.0,0.0
100.0,0.0
0.0,100.0
0.0,100.0
0.0,100.0
1.0,99.0
100.0,0.0
99.0,1.0
100.0,0.0
0.0,100.0
98.0,2.0
100.0,0.0
100.0,0.0
4.0,96.0
100.0,0.0
100.0,0.0
1.0,99.0
100.0,0.0
0.0,100.0
100.0,0.0
100.0,0.0
100.0,0.0
0.0,100.0
0.0,100.0
100.0,0.0
100.0,0.0
100.0,0.0
100.0,0.0
0.0,100.0
0.0,100.0
5.0,95.0
0.0,100.0
100.0,0.0
100.0,0.0
0.0,100.0
85.625,14.374999999999998
100.0,0.0
1.0,99.0
100.0,0.0
0.0,100.0
100.0,0.0
1.0,99.0
0.0,100.0
100.0,0.0
100.0,0.0
0.0,100.0
0.0,100.0
100.0,0.0
100.0,0.0
0.0,100.0
0.0,100.0
0.0,100.0
100.0,0.0
100.0,0.0
1.0,99.0
100.0,0.0
100.0,0.0
3.0,97.0
3.0,97.0
0.0,100.0
100.0,0.0
100.0,0.0
100.0,0.0
100.0,0.0
100.0,0.0
100.0,0.0
0.0,100.0
8.0,92.0
100.0,0.0
100.0,0.0
100.0,0.0
2.0,98.0
2.0,98.0
100.0,0.0
100.0,0.0
100.0,0.0
0.0,100.0
100.0,0.0
100.0,0.0
100.0,0.0
100.0,0.0
100.0,0.0
100.0,0.0
2.0,98.0
0.0,100.0
100.0,0.0
100.0,0.0
100.0,0.0
100.0,0.0
1.0,99.0
0.0,100.0
100.0,0.0
100.0,0.0
1.0,99.0
3.0,97.0
100.0,0.0
0.0,100.0
100.0,0.0
100.0,0.0
100.0,0.0
0.0,100.0
100.0,0.0
100.0,0.0
0.0,100.0
100.0,0.0
2.0,98.0
100.0,0.0
0.0,100.0
0.0,100.0
0.0,100.0
100.0,0.0
100.0,0.0
100.0,0.0
100.0,0.0
100.0,0.0
100.0,0.0
0.0,100.0
100.0,0.0
100.0,0.0
100.0,0.0
100.0,0.0
100.0,0.0
100.0,0.0
0.0,100.0
0.0,100.0
100.0,0.0
0.0,100.0
2.0,98.0
0.0,100.0
3.0,97.0
3.0,97.0
1.0,99.0
100.0,0.0
100.0,0.0
1.0,99.0
100.0,0.0
100.0,0.0
1.0,99.0
100.0,0.0
2.0,98.0
100.0,0.0
100.0,0.0
100.0,0.0
100.0,0.0
4.0,96.0
100.0,0.0
100.0,0.0
94.0,6.0
3.0,97.0
0.0,100.0
100.0,0.0
100.0,0.0
100.0,0.0
100.0,0.0
100.0,0.0
0.0,100.0
100.0,0.0
8.0,92.0
0.0,100.0
0.0,100.0
99.0,1.0
100.0,0.0
0.0,100.0
0.0,100.0
2.0,98.0
28.999999999999996,71.0
100.0,0.0
0.0,100.0
100.0,0.0
100.0,0.0
0.0,100.0
100.0,0.0
100.0,0.0
0.0,100.0
100.0,0.0
100.0,0.0
100.0,0.0
1.0,99.0
100.0,0.0
100.0,0.0
100.0,0.0
0.0,100.0
100.0,0.0
100.0,0.0
100.0,0.0
0.0,100.0
100.0,0.0
100.0,0.0
100.0,0.0
3.0,97.0
0.0,100.0
8.0,92.0
100.0,0.0
0.0,100.0
9.0,91.0
99.0,1.0
0.0,100.0
100.0,0.0
3.0,97.0
100.0,0.0
100.0,0.0
100.0,0.0
100.0,0.0
100.0,0.0
3.0,97.0
100.0,0.0
100.0,0.0
100.0,0.0
0.0,100.0
100.0,0.0
100.0,0.0
100.0,0.0
100.0,0.0
100.0,0.0
0.0,100.0
9.0,91.0
0.0,100.0
100.0,0.0
100.0,0.0
100.0,0.0
100.0,0.0
100.0,0.0
1.0,99.0
7.000000000000001,93.0
0.0,100.0
100.0,0.0
100.0,0.0
0.0,100.0
100.0,0.0
100.0,0.0
100.0,0.0
100.0,0.0
100.0,0.0
100.0,0.0
1.0,99.0
1.0,99.0
100.0,0.0
0.0,100.0
1.0,99.0
100.0,0.0
100.0,0.0
100.0,0.0
12.0,88.0
0.0,100.0
100.0,0.0
100.0,0.0
94.0,6.0
0.0,100.0
100.0,0.0
0.0,100.0
100.0,0.0
95.0,5.0
100.0,0.0
100.0,0.0
100.0,0.0
100.0,0.0
100.0,0.0
100.0,0.0
100.0,0.0
100.0,0.0
100.0,0.0
0.0,100.0
1.0,99.0
100.0,0.0
100.0,0.0
99.0,1.0
0.0,100.0
0.0,100.0
0.0,100.0
100.0,0.0
100.0,0.0
0.0,100.0
0.0,100.0
100.0,0.0
100.0,0.0
100.0,0.0
100.0,0.0
7.000000000000001,93.0
100.0,0.0
1.0,99.0
100.0,0.0
100.0,0.0
100.0,0.0
0.0,100.0
0.0,100.0
100.0,0.0
0.0,100.0
100.0,0.0
100.0,0.0
5.0,95.0
100.0,0.0
100.0,0.0
1.0,99.0
100.0,0.0
100.0,0.0
100.0,0.0
100.0,0.0
100.0,0.0
3.0,97.0
0.0,100.0
100.0,0.0
100.0,0.0
100.0,0.0
0.0,100.0
100.0,0.0
0.0,100.0
100.0,0.0
100.0,0.0
100.0,0.0
100.0,0.0
100.0,0.0
100.0,0.0
100.0,0.0
3.0,97.0
100.0,0.0
100.0,0.0
0.0,100.0
0.0,100.0
100.0,0.0
100.0,0.0
1.0,99.0
0.0,100.0
0.0,100.0
100.0,0.0
0.0,100.0
100.0,0.0
100.0,0.0
100.0,0.0
0.0,100.0
2.0,98.0
0.0,100.0
100.0,0.0
5.0,95.0
100.0,0.0
0.0,100.0
0.0,100.0
0.0,100.0
100.0,0.0
0.0,100.0
0.0,100.0
100.0,0.0
100.0,0.0
6.0,94.0
100.0,0.0
0.0,100.0
100.0,0.0
100.0,0.0
100.0,0.0
100.0,0.0
0.0,100.0
0.0,100.0
0.0,100.0
100.0,0.0
7.000000000000001,93.0
100.0,0.0
100.0,0.0
100.0,0.0
100.0,0.0
0.0,100.0
100.0,0.0
100.0,0.0
100.0,0.0
100.0,0.0
100.0,0.0
1.0,99.0
100.0,0.0
0.0,100.0
100.0,0.0
0.0,100.0
100.0,0.0
0.0,100.0
100.0,0.0
0.0,100.0
0.0,100.0
100.0,0.0
100.0,0.0
100.0,0.0
2.0,98.0
2.0,98.0
0.0,100.0
100.0,0.0
100.0,0.0
100.0,0.0
100.0,0.0
100.0,0.0
100.0,0.0
7.000000000000001,93.0
100.0,0.0
100.0,0.0
100.0,0.0
100.0,0.0
0.0,100.0
2.0,98.0
100.0,0.0
100.0,0.0
100.0,0.0
100.0,0.0
5.0,95.0
0.0,100.0
100.0,0.0
100.0,0.0
0.0,100.0
100.0,0.0
100.0,0.0
100.0,0.0
2.0,98.0
100.0,0.0
100.0,0.0
15.0,85.0
100.0,0.0
100.0,0.0
1.0,99.0
1.0,99.0
100.0,0.0
100.0,0.0
100.0,0.0
100.0,0.0
9.0,91.0
0.0,100.0
100.0,0.0
0.0,100.0
100.0,0.0
100.0,0.0
1.0,99.0
0.0,100.0
2.0,98.0
0.0,100.0
0.0,100.0
2.0,98.0
0.0,100.0
100.0,0.0
100.0,0.0
100.0,0.0
0.0,100.0
100.0,0.0
100.0,0.0
1.0,99.0
0.0,100.0
100.0,0.0
100.0,0.0
100.0,0.0
100.0,0.0
100.0,0.0
100.0,0.0
98.0,2.0
100.0,0.0
0.0,100.0
3.0,97.0
6.0,94.0
100.0,0.0
4.0,96.0
100.0,0.0
100.0,0.0
100.0,0.0
0.0,100.0
100.0,0.0
100.0,0.0
5.0,95.0
5.0,95.0
0.0,100.0
2.0,98.0
100.0,0.0
98.0,2.0
100.0,0.0
0.0,100.0
0.0,100.0
100.0,0.0
100.0,0.0
1.0,99.0
100.0,0.0
0.0,100.0
100.0,0.0
100.0,0.0
16.0,84.0
18.0,82.0
57.99999999999999,42.0
100.0,0.0
0.0,100.0
0.0,100.0
100.0,0.0
100.0,0.0
100.0,0.0
0.0,100.0
100.0,0.0
100.0,0.0
100.0,0.0
0.0,100.0
100.0,0.0
100.0,0.0
100.0,0.0
100.0,0.0
100.0,0.0
100.0,0.0
100.0,0.0
99.0,1.0
100.0,0.0
100.0,0.0
5.0,95.0
0.0,100.0
100.0,0.0
100.0,0.0
0.0,100.0
100.0,0.0
100.0,0.0
100.0,0.0
1.0,99.0
2.0,98.0
100.0,0.0
100.0,0.0
0.0,100.0
100.0,0.0
1.0,99.0
100.0,0.0
100.0,0.0
100.0,0.0
1.0,99.0
0.0,100.0
100.0,0.0
100.0,0.0
100.0,0.0
0.0,100.0
100.0,0.0
100.0,0.0
100.0,0.0
0.0,100.0
100.0,0.0
100.0,0.0
0.0,100.0
2.0,98.0
0.0,100.0
100.0,0.0
0.0,100.0
100.0,0.0
100.0,0.0
1.0,99.0
0.0,100.0
100.0,0.0
100.0,0.0
1.0,99.0
0.0,100.0
100.0,0.0
100.0,0.0
100.0,0.0
100.0,0.0
100.0,0.0
100.0,0.0
100.0,0.0
100.0,0.0
100.0,0.0
100.0,0.0
100.0,0.0
100.0,0.0
100.0,0.0
98.0,2.0
0.0,100.0
0.0,100.0
100.0,0.0
100.0,0.0
100.0,0.0
100.0,0.0
100.0,0.0
100.0,0.0
100.0,0.0
0.0,100.0
0.0,100.0
99.0,1.0
5.0,95.0
100.0,0.0
100.0,0.0
100.0,0.0
100.0,0.0
0.0,100.0
100.0,0.0
0.0,100.0
0.0,100.0
1.0,99.0
100.0,0.0
100.0,0.0
100.0,0.0
100.0,0.0
100.0,0.0
100.0,0.0
100.0,0.0
100.0,0.0
100.0,0.0
100.0,0.0
0.0,100.0
100.0,0.0
100.0,0.0
100.0,0.0
100.0,0.0
0.0,100.0
100.0,0.0
0.0,100.0
100.0,0.0
100.0,0.0
100.0,0.0
100.0,0.0
0.0,100.0
100.0,0.0
100.0,0.0
100.0,0.0
0.0,100.0
100.0,0.0
100.0,0.0
1.0,99.0
100.0,0.0
100.0,0.0
5.0,95.0
100.0,0.0
100.0,0.0
100.0,0.0
3.0,97.0
3.0,97.0
100.0,0.0
100.0,0.0
100.0,0.0
0.0,100.0
1.0,99.0
100.0,0.0
100.0,0.0
2.0,98.0
0.0,100.0
0.0,100.0
100.0,0.0
0.0,100.0
100.0,0.0
100.0,0.0
100.0,0.0
100.0,0.0
0.0,100.0
100.0,0.0
100.0,0.0
100.0,0.0
100.0,0.0
100.0,0.0
0.0,100.0
100.0,0.0
100.0,0.0
100.0,0.0
0.0,100.0
100.0,0.0
2.0,98.0
0.0,100.0
100.0,0.0
100.0,0.0
0.0,100.0
2.0,98.0
100.0,0.0
97.0,3.0
0.0,100.0
100.0,0.0
100.0,0.0
100.0,0.0
100.0,0.0
100.0,0.0
0.0,100.0
100.0,0.0
100.0,0.0
100.0,0.0
100.0,0.0
100.0,0.0
100.0,0.0
1.0,99.0
0.0,100.0
100.0,0.0
100.0,0.0
100.0,0.0
0.0,100.0
100.0,0.0
99.0,1.0
0.0,100.0
100.0,0.0
100.0,0.0
2.0,98.0
6.0,94.0
100.0,0.0
100.0,0.0
0.0,100.0
4.0,96.0
100.0,0.0
100.0,0.0
4.0,96.0
100.0,0.0
2.0,98.0
0.0,100.0
0.0,100.0
100.0,0.0
100.0,0.0
3.0,97.0
99.0,1.0
0.0,100.0
100.0,0.0
100.0,0.0
1.0,99.0
100.0,0.0
100.0,0.0
100.0,0.0
0.0,100.0
0.0,100.0
100.0,0.0
100.0,0.0
0.0,100.0
0.0,100.0
100.0,0.0
0.0,100.0
100.0,0.0
100.0,0.0
100.0,0.0
3.0,97.0
0.0,100.0
100.0,0.0
100.0,0.0
100.0,0.0
100.0,0.0
7.000000000000001,93.0
0.0,100.0
77.0,23.0
100.0,0.0
100.0,0.0
0.0,100.0
4.0,96.0
100.0,0.0
100.0,0.0
100.0,0.0
100.0,0.0
0.0,100.0
100.0,0.0
100.0,0.0
0.0,100.0
100.0,0.0
100.0,0.0
100.0,0.0
100.0,0.0
100.0,0.0
100.0,0.0
97.0,3.0
2.0,98.0
100.0,0.0
0.0,100.0
100.0,0.0
6.0,94.0
100.0,0.0
100.0,0.0
100.0,0.0
0.0,100.0
0.0,100.0
100.0,0.0
100.0,0.0
0.0,100.0
0.0,100.0
100.0,0.0
0.0,100.0
100.0,0.0
0.0,100.0
99.0,1.0
100.0,0.0
100.0,0.0
1.0,99.0
2.0,98.0
0.0,100.0
1.0,99.0
100.0,0.0
100.0,0.0
100.0,0.0
0.0,100.0
100.0,0.0
0.0,100.0
100.0,0.0
0.0,100.0
2.0,98.0
0.0,100.0
100.0,0.0
100.0,0.0
95.0,5.0
100.0,0.0
0.0,100.0
100.0,0.0
100.0,0.0
100.0,0.0
100.0,0.0
100.0,0.0
2.0,98.0
100.0,0.0
16.0,84.0
100.0,0.0
100.0,0.0
100.0,0.0
5.0,95.0
21.0,79.0
100.0,0.0
100.0,0.0
3.0,97.0
100.0,0.0
100.0,0.0
0.0,100.0
2.0,98.0
99.0,1.0
100.0,0.0
100.0,0.0
0.0,100.0
100.0,0.0
0.0,100.0
100.0,0.0
100.0,0.0
100.0,0.0
4.0,96.0
2.0,98.0
100.0,0.0
0.0,100.0
2.0,98.0
100.0,0.0
11.0,89.0
100.0,0.0
100.0,0.0
100.0,0.0
100.0,0.0
0.0,100.0
100.0,0.0
0.0,100.0
6.0,94.0
1.0,99.0
12.0,88.0
100.0,0.0
100.0,0.0
100.0,0.0
2.0,98.0
100.0,0.0
100.0,0.0
100.0,0.0
100.0,0.0
100.0,0.0
100.0,0.0
100.0,0.0
100.0,0.0
100.0,0.0
100.0,0.0
100.0,0.0
100.0,0.0
100.0,0.0
0.0,100.0
12.0,88.0
100.0,0.0
100.0,0.0
100.0,0.0
0.0,100.0
100.0,0.0
100.0,0.0
100.0,0.0
0.0,100.0
21.0,79.0
100.0,0.0
0.0,100.0
100.0,0.0
0.0,100.0
94.0,6.0
0.0,100.0
100.0,0.0
94.0,6.0
100.0,0.0
100.0,0.0
0.0,100.0
1.0,99.0
0.0,100.0
0.0,100.0
0.0,100.0
100.0,0.0
0.0,100.0
0.0,100.0
0.0,100.0
2.0,98.0
98.0,2.0
1.0,99.0
100.0,0.0
5.0,95.0
0.0,100.0
100.0,0.0
86.0,14.000000000000002
100.0,0.0
100.0,0.0
100.0,0.0
0.0,100.0
0.0,100.0
100.0,0.0
100.0,0.0
3.0,97.0
100.0,0.0
0.0,100.0
0.0,100.0
0.0,100.0
100.0,0.0
99.0,1.0
0.0,100.0
99.0,1.0
0.0,100.0
100.0,0.0
100.0,0.0
100.0,0.0
100.0,0.0
0.0,100.0
5.0,95.0
100.0,0.0
1.0,99.0
100.0,0.0
0.0,100.0
100.0,0.0
100.0,0.0
100.0,0.0
100.0,0.0
100.0,0.0
0.0,100.0
100.0,0.0
100.0,0.0
4.0,96.0
100.0,0.0
100.0,0.0
100.0,0.0
100.0,0.0
100.0,0.0
14.000000000000002,86.0
0.0,100.0
0.0,100.0
0.0,100.0
0.0,100.0
4.0,96.0
100.0,0.0
100.0,0.0
0.0,100.0
100.0,0.0
100.0,0.0
0.0,100.0
7.000000000000001,93.0
100.0,0.0
0.0,100.0
100.0,0.0
100.0,0.0
100.0,0.0
100.0,0.0
0.0,100.0
0.0,100.0
1.0,99.0
1.0,99.0
100.0,0.0
0.0,100.0
0.0,100.0
0.0,100.0
100.0,0.0
100.0,0.0
100.0,0.0
100.0,0.0
100.0,0.0
100.0,0.0
100.0,0.0
100.0,0.0
100.0,0.0
100.0,0.0
100.0,0.0
100.0,0.0
100.0,0.0
100.0,0.0
0.0,100.0
100.0,0.0
100.0,0.0
100.0,0.0
100.0,0.0
100.0,0.0
0.0,100.0
100.0,0.0
100.0,0.0
100.0,0.0
3.0,97.0
100.0,0.0
100.0,0.0
100.0,0.0
100.0,0.0
100.0,0.0
100.0,0.0
2.0,98.0
0.0,100.0
0.0,100.0
100.0,0.0
100.0,0.0
0.0,100.0
100.0,0.0
3.0,97.0
100.0,0.0
100.0,0.0
100.0,0.0
0.0,100.0
100.0,0.0
0.0,100.0
100.0,0.0
0.0,100.0
100.0,0.0
100.0,0.0
100.0,0.0
100.0,0.0
1.0,99.0
0.0,100.0
100.0,0.0
4.0,96.0
100.0,0.0
100.0,0.0
100.0,0.0
100.0,0.0
100.0,0.0
100.0,0.0
0.0,100.0
100.0,0.0
100.0,0.0
100.0,0.0
100.0,0.0
20.0,80.0
0.0,100.0
100.0,0.0
100.0,0.0
0.0,100.0
100.0,0.0
0.0,100.0
1.0,99.0
0.0,100.0
100.0,0.0
0.0,100.0
100.0,0.0
100.0,0.0
100.0,0.0
1.0,99.0
100.0,0.0
100.0,0.0
100.0,0.0
9.833333333333332,90.16666666666666
0.0,100.0
100.0,0.0
0.0,100.0
100.0,0.0
100.0,0.0
100.0,0.0
100.0,0.0
2.0,98.0
5.0,95.0
100.0,0.0
5.0,95.0
4.0,96.0
100.0,0.0
95.0,5.0
1.0,99.0
100.0,0.0
1.0,99.0
100.0,0.0
100.0,0.0
10.0,90.0
100.0,0.0
0.0,100.0
0.0,100.0
100.0,0.0
0.0,100.0
100.0,0.0
2.0,98.0
20.0,80.0
1.0,99.0
100.0,0.0
0.0,100.0
100.0,0.0
1.0,99.0
1.0,99.0
3.0,97.0
100.0,0.0
100.0,0.0
0.0,100.0
100.0,0.0
100.0,0.0
100.0,0.0
100.0,0.0
0.0,100.0
100.0,0.0
0.0,100.0
100.0,0.0
100.0,0.0
100.0,0.0
100.0,0.0
100.0,0.0
100.0,0.0
100.0,0.0
3.0,97.0
100.0,0.0
100.0,0.0
100.0,0.0
100.0,0.0
100.0,0.0
100.0,0.0
0.0,100.0
100.0,0.0
100.0,0.0
0.0,100.0
100.0,0.0
100.0,0.0
100.0,0.0
100.0,0.0
100.0,0.0
100.0,0.0
100.0,0.0
23.0,77.0
1.0,99.0
100.0,0.0
0.0,100.0
100.0,0.0
0.0,100.0
100.0,0.0
100.0,0.0
100.0,0.0
100.0,0.0
100.0,0.0
0.0,100.0
3.0,97.0
100.0,0.0
100.0,0.0
100.0,0.0
0.0,100.0
100.0,0.0
100.0,0.0
0.0,100.0
100.0,0.0
100.0,0.0
4.0,96.0
99.0,1.0
100.0,0.0
100.0,0.0
100.0,0.0
15.0,85.0
100.0,0.0
3.0,97.0
100.0,0.0
100.0,0.0
12.0,88.0
100.0,0.0
100.0,0.0
100.0,0.0
100.0,0.0
67.0,33.0
0.0,100.0
0.0,100.0
1.0,99.0
7.000000000000001,93.0
1.0,99.0
100.0,0.0
99.0,1.0
100.0,0.0
0.0,100.0
100.0,0.0
99.0,1.0
100.0,0.0
0.0,100.0
100.0,0.0
0.0,100.0
0.0,100.0
0.0,100.0
100.0,0.0
100.0,0.0
100.0,0.0
100.0,0.0
100.0,0.0
2.0,98.0
0.0,100.0
100.0,0.0
4.0,96.0
100.0,0.0
100.0,0.0
3.0,97.0
100.0,0.0
1.0,99.0
100.0,0.0
100.0,0.0
0.0,100.0
100.0,0.0
1.0,99.0
100.0,0.0
100.0,0.0
100.0,0.0
0.0,100.0
100.0,0.0
100.0,0.0
100.0,0.0
0.0,100.0
100.0,0.0
100.0,0.0
100.0,0.0
100.0,0.0
100.0,0.0
100.0,0.0
8.0,92.0
100.0,0.0
100.0,0.0
100.0,0.0
0.0,100.0
0.0,100.0
1.0,99.0
100.0,0.0
100.0,0.0
100.0,0.0
100.0,0.0
6.0,94.0
100.0,0.0
1.0,99.0
100.0,0.0
6.0,94.0
97.0,3.0
0.0,100.0
100.0,0.0
100.0,0.0
100.0,0.0
3.0,97.0
100.0,0.0
100.0,0.0
100.0,0.0
100.0,0.0
1.0,99.0
100.0,0.0
99.0,1.0
0.0,100.0
0.0,100.0
100.0,0.0
100.0,0.0
100.0,0.0
100.0,0.0
100.0,0.0
1.0,99.0
99.0,1.0
0.0,100.0
100.0,0.0
100.0,0.0
100.0,0.0
100.0,0.0
100.0,0.0
100.0,0.0
100.0,0.0
100.0,0.0
100.0,0.0
100.0,0.0
100.0,0.0
100.0,0.0
2.0,98.0
100.0,0.0
100.0,0.0
8.0,92.0
100.0,0.0
0.0,100.0
5.0,95.0
100.0,0.0
100.0,0.0
0.0,100.0
0.0,100.0
100.0,0.0
0.0,100.0
14.000000000000002,86.0
100.0,0.0
100.0,0.0
100.0,0.0
100.0,0.0
1.0,99.0
100.0,0.0
100.0,0.0
100.0,0.0
100.0,0.0
3.0,97.0
100.0,0.0
100.0,0.0
0.0,100.0
100.0,0.0
100.0,0.0
3.0,97.0
1.0,99.0
100.0,0.0
100.0,0.0
33.0,67.0
100.0,0.0
100.0,0.0
100.0,0.0
100.0,0.0
0.0,100.0
100.0,0.0
100.0,0.0
100.0,0.0
100.0,0.0
100.0,0.0
0.0,100.0
100.0,0.0
6.0,94.0
100.0,0.0
100.0,0.0
100.0,0.0
100.0,0.0
5.0,95.0
99.0,1.0
100.0,0.0
100.0,0.0
100.0,0.0
100.0,0.0
100.0,0.0
0.0,100.0
0.0,100.0
0.0,100.0
0.0,100.0
100.0,0.0
100.0,0.0
0.0,100.0
100.0,0.0
100.0,0.0
100.0,0.0
100.0,0.0
100.0,0.0
100.0,0.0
99.0,1.0
100.0,0.0
100.0,0.0
0.0,100.0
0.0,100.0
100.0,0.0
100.0,0.0
100.0,0.0
0.0,100.0
2.0,98.0
100.0,0.0
31.0,69.0
100.0,0.0
100.0,0.0
100.0,0.0
0.0,100.0
100.0,0.0
100.0,0.0
100.0,0.0
100.0,0.0
0.0,100.0
100.0,0.0
100.0,0.0
100.0,0.0
100.0,0.0
100.0,0.0
100.0,0.0
5.0,95.0
100.0,0.0
100.0,0.0
0.0,100.0
100.0,0.0
1.0,99.0
100.0,0.0
0.0,100.0
100.0,0.0
100.0,0.0
100.0,0.0
2.0,98.0
0.0,100.0
0.0,100.0
100.0,0.0
100.0,0.0
100.0,0.0
100.0,0.0
0.0,100.0
100.0,0.0
100.0,0.0
100.0,0.0
100.0,0.0
0.0,100.0
100.0,0.0
100.0,0.0
100.0,0.0
100.0,0.0
100.0,0.0
100.0,0.0
100.0,0.0
97.0,3.0
100.0,0.0
100.0,0.0
2.0,98.0
0.0,100.0
100.0,0.0
0.0,100.0
3.0,97.0
100.0,0.0
0.0,100.0
0.0,100.0
0.0,100.0
100.0,0.0
0.0,100.0
100.0,0.0
100.0,0.0
100.0,0.0
0.0,100.0
0.0,100.0
100.0,0.0
100.0,0.0
100.0,0.0
100.0,0.0
1.0,99.0
100.0,0.0
100.0,0.0
0.0,100.0
0.0,100.0
2.0,98.0
6.0,94.0
100.0,0.0
100.0,0.0
1.0,99.0
100.0,0.0
0.0,100.0
0.0,100.0
2.0,98.0
100.0,0.0
100.0,0.0
100.0,0.0
100.0,0.0
100.0,0.0
100.0,0.0
99.0,1.0
100.0,0.0
100.0,0.0
0.0,100.0
100.0,0.0
1.0,99.0
100.0,0.0
99.0,1.0
100.0,0.0
0.0,100.0
100.0,0.0
0.0,100.0
0.0,100.0
0.0,100.0
0.0,100.0
100.0,0.0
0.0,100.0
0.0,100.0
100.0,0.0
0.0,100.0
0.0,100.0
0.0,100.0
0.0,100.0
100.0,0.0
100.0,0.0
0.0,100.0
100.0,0.0
100.0,0.0
0.0,100.0
100.0,0.0
0.0,100.0
1.0,99.0
1.0,99.0
0.0,100.0
100.0,0.0
100.0,0.0
100.0,0.0
94.0,6.0
100.0,0.0
0.0,100.0
100.0,0.0
0.0,100.0
100.0,0.0
100.0,0.0
100.0,0.0
0.0,100.0
100.0,0.0
100.0,0.0
100.0,0.0
100.0,0.0
100.0,0.0
0.0,100.0
100.0,0.0
100.0,0.0
100.0,0.0
100.0,0.0
100.0,0.0
100.0,0.0
6.0,94.0
100.0,0.0
100.0,0.0
100.0,0.0
4.0,96.0
100.0,0.0
100.0,0.0
100.0,0.0
0.0,100.0
100.0,0.0
100.0,0.0
0.0,100.0
56.00000000000001,44.0
100.0,0.0
0.0,100.0
100.0,0.0
87.0,13.0
100.0,0.0
1.0,99.0
4.0,96.0
100.0,0.0
100.0,0.0
100.0,0.0
0.0,100.0
0.0,100.0
100.0,0.0
100.0,0.0
0.0,100.0
100.0,0.0
100.0,0.0
100.0,0.0
100.0,0.0
1.0,99.0
100.0,0.0
0.0,100.0
100.0,0.0
100.0,0.0
0.0,100.0
100.0,0.0
100.0,0.0
100.0,0.0
100.0,0.0
0.0,100.0
100.0,0.0
100.0,0.0
100.0,0.0
97.0,3.0
100.0,0.0
100.0,0.0
100.0,0.0
100.0,0.0
1.0,99.0
0.0,100.0
100.0,0.0
100.0,0.0
100.0,0.0
100.0,0.0
0.0,100.0
100.0,0.0
100.0,0.0
100.0,0.0
100.0,0.0
99.0,1.0
1.0,99.0
3.0,97.0
100.0,0.0
99.0,1.0
100.0,0.0
100.0,0.0
100.0,0.0
0.0,100.0
100.0,0.0
0.0,100.0
1.0,99.0
100.0,0.0
100.0,0.0
0.0,100.0
0.0,100.0
0.0,100.0
100.0,0.0
100.0,0.0
100.0,0.0
1.0,99.0
0.0,100.0
99.0,1.0
100.0,0.0
0.0,100.0
100.0,0.0
100.0,0.0
7.000000000000001,93.0
1.0,99.0
3.0,97.0
100.0,0.0
0.0,100.0
1.0,99.0
0.0,100.0
99.0,1.0
100.0,0.0
100.0,0.0
0.0,100.0
0.0,100.0
100.0,0.0
100.0,0.0
100.0,0.0
100.0,0.0
0.0,100.0
100.0,0.0
3.0,97.0
100.0,0.0
0.0,100.0
100.0,0.0
100.0,0.0
100.0,0.0
2.0,98.0
2.0,98.0
100.0,0.0
100.0,0.0
0.0,100.0
0.0,100.0
100.0,0.0
100.0,0.0
0.0,100.0
100.0,0.0
0.0,100.0
100.0,0.0
100.0,0.0
100.0,0.0
0.0,100.0
0.0,100.0
100.0,0.0
100.0,0.0
0.0,100.0
100.0,0.0
1.0,99.0
0.0,100.0
100.0,0.0
100.0,0.0
1.0,99.0
2.0,98.0
100.0,0.0
100.0,0.0
100.0,0.0
100.0,0.0
100.0,0.0
100.0,0.0
100.0,0.0
100.0,0.0
0.0,100.0
100.0,0.0
96.0,4.0
100.0,0.0
0.0,100.0
100.0,0.0
5.0,95.0
0.0,100.0
100.0,0.0
96.0,4.0
0.0,100.0
100.0,0.0
100.0,0.0
6.0,94.0
100.0,0.0
0.0,100.0
100.0,0.0
0.0,100.0
100.0,0.0
0.0,100.0
100.0,0.0
0.0,100.0
100.0,0.0
100.0,0.0
100.0,0.0
0.0,100.0
52.0,48.0
6.0,94.0
100.0,0.0
100.0,0.0
100.0,0.0
1.0,99.0
100.0,0.0
89.0,11.0
0.0,100.0
100.0,0.0
3.0,97.0
100.0,0.0
100.0,0.0
100.0,0.0
99.0,1.0
0.0,100.0
100.0,0.0
0.0,100.0
100.0,0.0
100.0,0.0
100.0,0.0
1.0,99.0
100.0,0.0
0.0,100.0
100.0,0.0
0.0,100.0
100.0,0.0
100.0,0.0
100.0,0.0
100.0,0.0
100.0,0.0
0.0,100.0
100.0,0.0
100.0,0.0
100.0,0.0
100.0,0.0
99.0,1.0
0.0,100.0
99.0,1.0
100.0,0.0
100.0,0.0
0.0,100.0
100.0,0.0
0.0,100.0
1.0,99.0
100.0,0.0
0.0,100.0
100.0,0.0
100.0,0.0
0.0,100.0
100.0,0.0
0.0,100.0
8.0,92.0
0.0,100.0
100.0,0.0
100.0,0.0
100.0,0.0
10.0,90.0
0.0,100.0
0.0,100.0
1.0,99.0
100.0,0.0
100.0,0.0
0.0,100.0
100.0,0.0
7.000000000000001,93.0
7.000000000000001,93.0
94.0,6.0
100.0,0.0
100.0,0.0
100.0,0.0
100.0,0.0
100.0,0.0
100.0,0.0
0.0,100.0
100.0,0.0
100.0,0.0
100.0,0.0
100.0,0.0
0.0,100.0
0.0,100.0
100.0,0.0
100.0,0.0
100.0,0.0
100.0,0.0
0.0,100.0
0.0,100.0
88.0,12.0
100.0,0.0
100.0,0.0
100.0,0.0
0.0,100.0
2.0,98.0
100.0,0.0
100.0,0.0
100.0,0.0
100.0,0.0
100.0,0.0
100.0,0.0
100.0,0.0
100.0,0.0
1.0,99.0
100.0,0.0
98.0,2.0
100.0,0.0
100.0,0.0
0.0,100.0
2.0,98.0
100.0,0.0
17.0,83.0
0.0,100.0
100.0,0.0
100.0,0.0
1.0,99.0
100.0,0.0
100.0,0.0
100.0,0.0
100.0,0.0
6.0,94.0
3.0,97.0
0.0,100.0
100.0,0.0
0.0,100.0
100.0,0.0
1.0,99.0
0.0,100.0
100.0,0.0
100.0,0.0
0.0,100.0
0.0,100.0
100.0,0.0
100.0,0.0
100.0,0.0
100.0,0.0
0.0,100.0
100.0,0.0
88.0,12.0
100.0,0.0
100.0,0.0
0.0,100.0
0.0,100.0
2.0,98.0
1.0,99.0
100.0,0.0
1.0,99.0
0.0,100.0
100.0,0.0
100.0,0.0
0.0,100.0
100.0,0.0
0.0,100.0
100.0,0.0
100.0,0.0
100.0,0.0
0.0,100.0
100.0,0.0
0.0,100.0
100.0,0.0
1.0,99.0
11.0,89.0
100.0,0.0
100.0,0.0
100.0,0.0
74.0,26.0
100.0,0.0
0.0,100.0
100.0,0.0
100.0,0.0
2.0,98.0
100.0,0.0
100.0,0.0
100.0,0.0
100.0,0.0
100.0,0.0
0.0,100.0
100.0,0.0
0.0,100.0
1.0,99.0
100.0,0.0
100.0,0.0
97.0,3.0
1.0,99.0
100.0,0.0
100.0,0.0
9.0,91.0
100.0,0.0
100.0,0.0
100.0,0.0
1.0,99.0
100.0,0.0
100.0,0.0
1.0,99.0
3.0,97.0
100.0,0.0
100.0,0.0
100.0,0.0
5.0,95.0
100.0,0.0
100.0,0.0
100.0,0.0
100.0,0.0
0.0,100.0
2.0,98.0
100.0,0.0
100.0,0.0
100.0,0.0
95.0,5.0
100.0,0.0
100.0,0.0
0.0,100.0
1.0,99.0
99.0,1.0
100.0,0.0
100.0,0.0
100.0,0.0
100.0,0.0
100.0,0.0
5.0,95.0
100.0,0.0
100.0,0.0
8.0,92.0
100.0,0.0
100.0,0.0
0.0,100.0
100.0,0.0
100.0,0.0
6.0,94.0
7.000000000000001,93.0
0.0,100.0
100.0,0.0
100.0,0.0
100.0,0.0
100.0,0.0
100.0,0.0
100.0,0.0
0.0,100.0
1.0,99.0
0.0,100.0
100.0,0.0
0.0,100.0
100.0,0.0
0.0,100.0
100.0,0.0
100.0,0.0
100.0,0.0
100.0,0.0
100.0,0.0
100.0,0.0
100.0,0.0
0.0,100.0
0.0,100.0
100.0,0.0
100.0,0.0
100.0,0.0
100.0,0.0
100.0,0.0
2.0,98.0
100.0,0.0
3.0,97.0
3.0,97.0
1.0,99.0
93.0,7.000000000000001
100.0,0.0
100.0,0.0
100.0,0.0
100.0,0.0
0.0,100.0
100.0,0.0
0.0,100.0
100.0,0.0
100.0,0.0
100.0,0.0
100.0,0.0
0.0,100.0
100.0,0.0
0.0,100.0
0.0,100.0
100.0,0.0
100.0,0.0
100.0,0.0
100.0,0.0
100.0,0.0
100.0,0.0
1.0,99.0
0.0,100.0
100.0,0.0
100.0,0.0
1.0,99.0
100.0,0.0
100.0,0.0
99.0,1.0
100.0,0.0
11.0,89.0
100.0,0.0
60.0,40.0
100.0,0.0
0.0,100.0
100.0,0.0
100.0,0.0
0.0,100.0
100.0,0.0
100.0,0.0
0.0,100.0
5.0,95.0
0.0,100.0
100.0,0.0
100.0,0.0
100.0,0.0
9.0,91.0
100.0,0.0
100.0,0.0
100.0,0.0
2.0,98.0
100.0,0.0
0.0,100.0
100.0,0.0
2.0,98.0
100.0,0.0
100.0,0.0
18.0,82.0
100.0,0.0
100.0,0.0
100.0,0.0
100.0,0.0
100.0,0.0
100.0,0.0
100.0,0.0
0.0,100.0
2.0,98.0
100.0,0.0
100.0,0.0
0.0,100.0
100.0,0.0
2.0,98.0
100.0,0.0
0.0,100.0
100.0,0.0
100.0,0.0
100.0,0.0
100.0,0.0
0.0,100.0
0.0,100.0
98.0,2.0
0.0,100.0
5.0,95.0
100.0,0.0
0.0,100.0
100.0,0.0
100.0,0.0
99.0,1.0
0.0,100.0
2.0,98.0
100.0,0.0
98.0,2.0
100.0,0.0
5.0,95.0
100.0,0.0
100.0,0.0
100.0,0.0
99.0,1.0
100.0,0.0
100.0,0.0
0.0,100.0
100.0,0.0
0.0,100.0
100.0,0.0
0.0,100.0
100.0,0.0
0.0,100.0
100.0,0.0
100.0,0.0
100.0,0.0
100.0,0.0
100.0,0.0
100.0,0.0
100.0,0.0
100.0,0.0
100.0,0.0
100.0,0.0
100.0,0.0
100.0,0.0
0.0,100.0
100.0,0.0
100.0,0.0
100.0,0.0
100.0,0.0
100.0,0.0
0.0,100.0
0.0,100.0
100.0,0.0
100.0,0.0
0.0,100.0
0.0,100.0
100.0,0.0
100.0,0.0
100.0,0.0
0.0,100.0
5.0,95.0
100.0,0.0
100.0,0.0
0.0,100.0
100.0,0.0
100.0,0.0
100.0,0.0
100.0,0.0
100.0,0.0
100.0,0.0
100.0,0.0
1.0,99.0
100.0,0.0
100.0,0.0
0.0,100.0
100.0,0.0
0.0,100.0
0.0,100.0
100.0,0.0
100.0,0.0
100.0,0.0
100.0,0.0
100.0,0.0
100.0,0.0
4.0,96.0
100.0,0.0
100.0,0.0
100.0,0.0
100.0,0.0
0.0,100.0
100.0,0.0
100.0,0.0
0.0,100.0
5.0,95.0
6.0,94.0
0.0,100.0
100.0,0.0
100.0,0.0
100.0,0.0
100.0,0.0
100.0,0.0
0.0,100.0
100.0,0.0
0.0,100.0
100.0,0.0
100.0,0.0
0.0,100.0
4.0,96.0
0.0,100.0
100.0,0.0
100.0,0.0
0.0,100.0
100.0,0.0
100.0,0.0
4.0,96.0
0.0,100.0
100.0,0.0
100.0,0.0
0.0,100.0
100.0,0.0
3.0,97.0
0.0,100.0
100.0,0.0
99.0,1.0
100.0,0.0
0.0,100.0
100.0,0.0
100.0,0.0
0.0,100.0
100.0,0.0
100.0,0.0
100.0,0.0
100.0,0.0
100.0,0.0
100.0,0.0
100.0,0.0
100.0,0.0
100.0,0.0
2.0,98.0
100.0,0.0
100.0,0.0
100.0,0.0
0.0,100.0
100.0,0.0
100.0,0.0
0.0,100.0
0.0,100.0
100.0,0.0
99.0,1.0
99.0,1.0
1.0,99.0
100.0,0.0
100.0,0.0
100.0,0.0
1.0,99.0
100.0,0.0
100.0,0.0
10.0,90.0
0.0,100.0
100.0,0.0
100.0,0.0
0.0,100.0
100.0,0.0
4.0,96.0
100.0,0.0
100.0,0.0
100.0,0.0
100.0,0.0
1.0,99.0
100.0,0.0
1.0,99.0
100.0,0.0
100.0,0.0
100.0,0.0
100.0,0.0
100.0,0.0
100.0,0.0
0.0,100.0
6.0,94.0
0.0,100.0
0.0,100.0
100.0,0.0
0.0,100.0
100.0,0.0
100.0,0.0
0.0,100.0
0.0,100.0
100.0,0.0
0.0,100.0
100.0,0.0
100.0,0.0
0.0,100.0
0.0,100.0
100.0,0.0
100.0,0.0
100.0,0.0
100.0,0.0
4.0,96.0
100.0,0.0
100.0,0.0
0.0,100.0
100.0,0.0
0.0,100.0
100.0,0.0
0.0,100.0
100.0,0.0
0.0,100.0
1.0,99.0
1.0,99.0
0.0,100.0
100.0,0.0
100.0,0.0
100.0,0.0
1.0,99.0
100.0,0.0
100.0,0.0
0.0,100.0
100.0,0.0
0.0,100.0
100.0,0.0
100.0,0.0
99.0,1.0
100.0,0.0
0.0,100.0
1.0,99.0
1.0,99.0
0.0,100.0
3.0,97.0
100.0,0.0
100.0,0.0
0.0,100.0
4.0,96.0
100.0,0.0
100.0,0.0
0.0,100.0
100.0,0.0
0.0,100.0
0.0,100.0
100.0,0.0
100.0,0.0
0.0,100.0
6.0,94.0
100.0,0.0
100.0,0.0
100.0,0.0
0.0,100.0
0.0,100.0
100.0,0.0
100.0,0.0
100.0,0.0
0.0,100.0
100.0,0.0
100.0,0.0
0.0,100.0
99.0,1.0
100.0,0.0
100.0,0.0
1.0,99.0
100.0,0.0
100.0,0.0
100.0,0.0
9.0,91.0
100.0,0.0
100.0,0.0
100.0,0.0
100.0,0.0
0.0,100.0
100.0,0.0
100.0,0.0
100.0,0.0
100.0,0.0
0.0,100.0
100.0,0.0
0.0,100.0
0.0,100.0
100.0,0.0
100.0,0.0
0.0,100.0
0.0,100.0
11.0,89.0
0.0,100.0
100.0,0.0
98.0,2.0
100.0,0.0
100.0,0.0
100.0,0.0
2.0,98.0
100.0,0.0
0.0,100.0
0.0,100.0
100.0,0.0
0.0,100.0
100.0,0.0
100.0,0.0
100.0,0.0
100.0,0.0
100.0,0.0
100.0,0.0
100.0,0.0
100.0,0.0
1.0,99.0
100.0,0.0
100.0,0.0
100.0,0.0
100.0,0.0
0.0,100.0
100.0,0.0
100.0,0.0
100.0,0.0
100.0,0.0
100.0,0.0
100.0,0.0
100.0,0.0
100.0,0.0
99.0,1.0
100.0,0.0
0.0,100.0
100.0,0.0
100.0,0.0
1.0,99.0
1.0,99.0
100.0,0.0
100.0,0.0
100.0,0.0
100.0,0.0
100.0,0.0
100.0,0.0
8.0,92.0
100.0,0.0
100.0,0.0
100.0,0.0
1.0,99.0
1.0,99.0
100.0,0.0
100.0,0.0
0.0,100.0
4.0,96.0
0.0,100.0
0.0,100.0
100.0,0.0
2.0,98.0
0.0,100.0
100.0,0.0
100.0,0.0
99.0,1.0
0.0,100.0
100.0,0.0
100.0,0.0
100.0,0.0
0.0,100.0
100.0,0.0
0.0,100.0
100.0,0.0
0.0,100.0
0.0,100.0
0.0,100.0
100.0,0.0
78.0,22.0
100.0,0.0
4.0,96.0
100.0,0.0
100.0,0.0
0.0,100.0
100.0,0.0
6.0,94.0
0.0,100.0
100.0,0.0
0.0,100.0
100.0,0.0
100.0,0.0
2.0,98.0
100.0,0.0
100.0,0.0
0.0,100.0
100.0,0.0
1.0,99.0
0.0,100.0
0.0,100.0
0.0,100.0
100.0,0.0
100.0,0.0
100.0,0.0
0.0,100.0
100.0,0.0
100.0,0.0
100.0,0.0
100.0,0.0
0.0,100.0
99.0,1.0
11.0,89.0
100.0,0.0
2.0,98.0
100.0,0.0
100.0,0.0
100.0,0.0
100.0,0.0
0.0,100.0
0.0,100.0
100.0,0.0
100.0,0.0
100.0,0.0
100.0,0.0
100.0,0.0
0.0,100.0
2.0,98.0
0.0,100.0
2.0,98.0
0.0,100.0
100.0,0.0
100.0,0.0
1.0,99.0
100.0,0.0
100.0,0.0
100.0,0.0
100.0,0.0
100.0,0.0
7.000000000000001,93.0
3.0,97.0
100.0,0.0
0.0,100.0
100.0,0.0
100.0,0.0
100.0,0.0
100.0,0.0
0.0,100.0
100.0,0.0
1.0,99.0
100.0,0.0
100.0,0.0
100.0,0.0
100.0,0.0
100.0,0.0
0.0,100.0
100.0,0.0
0.0,100.0
0.0,100.0
100.0,0.0
100.0,0.0
23.0,77.0
100.0,0.0
100.0,0.0
100.0,0.0
0.0,100.0
100.0,0.0
100.0,0.0
100.0,0.0
100.0,0.0
99.0,1.0
100.0,0.0
2.0,98.0
100.0,0.0
100.0,0.0
1.0,99.0
100.0,0.0
100.0,0.0
0.0,100.0
1.0,99.0
100.0,0.0
94.0,6.0
100.0,0.0
3.0,97.0
100.0,0.0
1.0,99.0
100.0,0.0
100.0,0.0
2.0,98.0
100.0,0.0
0.0,100.0
1.0,99.0
100.0,0.0
9.0,91.0
100.0,0.0
0.0,100.0
3.0,97.0
10.0,90.0
0.0,100.0
100.0,0.0
100.0,0.0
1.0,99.0
100.0,0.0
3.0,97.0
100.0,0.0
100.0,0.0
100.0,0.0
100.0,0.0
100.0,0.0
100.0,0.0
100.0,0.0
2.0,98.0
100.0,0.0
100.0,0.0
100.0,0.0
8.0,92.0
100.0,0.0
100.0,0.0
0.0,100.0
100.0,0.0
100.0,0.0
0.0,100.0
100.0,0.0
100.0,0.0
100.0,0.0
100.0,0.0
0.0,100.0
100.0,0.0
100.0,0.0
100.0,0.0
100.0,0.0
0.0,100.0
0.0,100.0
100.0,0.0
100.0,0.0
1.0,99.0
0.0,100.0
1.0,99.0
1.0,99.0
0.0,100.0
100.0,0.0
100.0,0.0
6.0,94.0
100.0,0.0
100.0,0.0
100.0,0.0
100.0,0.0
100.0,0.0
0.0,100.0
100.0,0.0
100.0,0.0
100.0,0.0
100.0,0.0
100.0,0.0
100.0,0.0
0.0,100.0
100.0,0.0
11.0,89.0
100.0,0.0
0.0,100.0
0.0,100.0
100.0,0.0
1.0,99.0
100.0,0.0
100.0,0.0
100.0,0.0
0.0,100.0
100.0,0.0
100.0,0.0
100.0,0.0
100.0,0.0
0.0,100.0
0.0,100.0
99.0,1.0
0.0,100.0
1.0,99.0
17.0,83.0
4.0,96.0
0.0,100.0
1.0,99.0
100.0,0.0
3.0,97.0
0.0,100.0
100.0,0.0
100.0,0.0
100.0,0.0
100.0,0.0
100.0,0.0
100.0,0.0
0.0,100.0
100.0,0.0
0.0,100.0
100.0,0.0
6.0,94.0
100.0,0.0
100.0,0.0
100.0,0.0
100.0,0.0
100.0,0.0
0.0,100.0
1.0,99.0
100.0,0.0
100.0,0.0
1.0,99.0
99.0,1.0
100.0,0.0
98.0,2.0
100.0,0.0
100.0,0.0
100.0,0.0
1.0,99.0
100.0,0.0
0.0,100.0
0.0,100.0
100.0,0.0
0.0,100.0
100.0,0.0
100.0,0.0
100.0,0.0
8.0,92.0
6.0,94.0
100.0,0.0
30.0,70.0
100.0,0.0
100.0,0.0
3.0,97.0
100.0,0.0
0.0,100.0
0.0,100.0
0.0,100.0
0.0,100.0
0.0,100.0
100.0,0.0
100.0,0.0
28.999999999999996,71.0
0.0,100.0
4.0,96.0
7.000000000000001,93.0
1.0,99.0
100.0,0.0
100.0,0.0
100.0,0.0
100.0,0.0
100.0,0.0
100.0,0.0
100.0,0.0
100.0,0.0
0.0,100.0
100.0,0.0
98.0,2.0
100.0,0.0
4.0,96.0
100.0,0.0
100.0,0.0
100.0,0.0
100.0,0.0
100.0,0.0
3.0,97.0
2.0,98.0
100.0,0.0
0.0,100.0
1.0,99.0
100.0,0.0
1.0,99.0
0.0,100.0
10.0,90.0
100.0,0.0
7.000000000000001,93.0
100.0,0.0
100.0,0.0
0.0,100.0
100.0,0.0
100.0,0.0
94.0,6.0
100.0,0.0
100.0,0.0
100.0,0.0
100.0,0.0
6.0,94.0
0.0,100.0
100.0,0.0
0.0,100.0
100.0,0.0
68.0,32.0
100.0,0.0
0.0,100.0
100.0,0.0
0.0,100.0
100.0,0.0
100.0,0.0
100.0,0.0
100.0,0.0
100.0,0.0
100.0,0.0
0.0,100.0
1.0,99.0
100.0,0.0
100.0,0.0
100.0,0.0
100.0,0.0
100.0,0.0
0.0,100.0
100.0,0.0
100.0,0.0
100.0,0.0
100.0,0.0
100.0,0.0
100.0,0.0
100.0,0.0
100.0,0.0
4.0,96.0
0.0,100.0
9.0,91.0
100.0,0.0
2.0,98.0
100.0,0.0
100.0,0.0
100.0,0.0
0.0,100.0
100.0,0.0
0.0,100.0
0.0,100.0
100.0,0.0
100.0,0.0
0.0,100.0
0.0,100.0
100.0,0.0
100.0,0.0
100.0,0.0
100.0,0.0
100.0,0.0
100.0,0.0
100.0,0.0
0.0,100.0
100.0,0.0
100.0,0.0
0.0,100.0
100.0,0.0
0.0,100.0
0.0,100.0
100.0,0.0
0.0,100.0
0.0,100.0
0.0,100.0
99.0,1.0
99.0,1.0
100.0,0.0
0.0,100.0
0.0,100.0
6.0,94.0
100.0,0.0
0.0,100.0
100.0,0.0
100.0,0.0
0.0,100.0
100.0,0.0
0.0,100.0
100.0,0.0
0.0,100.0
100.0,0.0
1.0,99.0
100.0,0.0
100.0,0.0
100.0,0.0
100.0,0.0
100.0,0.0
100.0,0.0
0.0,100.0
100.0,0.0
4.0,96.0
100.0,0.0
0.0,100.0
0.0,100.0
0.0,100.0
1.0,99.0
100.0,0.0
0.0,100.0
1.0,99.0
0.0,100.0
0.0,100.0
100.0,0.0
100.0,0.0
100.0,0.0
0.0,100.0
100.0,0.0
0.0,100.0
100.0,0.0
100.0,0.0
2.0,98.0
100.0,0.0
100.0,0.0
5.0,95.0
100.0,0.0
100.0,0.0
100.0,0.0
0.0,100.0
100.0,0.0
100.0,0.0
0.0,100.0
100.0,0.0
100.0,0.0
100.0,0.0
100.0,0.0
0.0,100.0
100.0,0.0
3.0,97.0
100.0,0.0
100.0,0.0
0.0,100.0
100.0,0.0
100.0,0.0
100.0,0.0
100.0,0.0
100.0,0.0
0.0,100.0
0.0,100.0
100.0,0.0
0.0,100.0
100.0,0.0
100.0,0.0
100.0,0.0
100.0,0.0
100.0,0.0
0.0,100.0
100.0,0.0
100.0,0.0
8.0,92.0
98.0,2.0
0.0,100.0
100.0,0.0
99.0,1.0
100.0,0.0
100.0,0.0
0.0,100.0
100.0,0.0
100.0,0.0
1.0,99.0
1.0,99.0
0.0,100.0
100.0,0.0
100.0,0.0
100.0,0.0
1.0,99.0
4.0,96.0
100.0,0.0
0.0,100.0
100.0,0.0
100.0,0.0
53.0,47.0
100.0,0.0
100.0,0.0
100.0,0.0
100.0,0.0
100.0,0.0
100.0,0.0
100.0,0.0
100.0,0.0
100.0,0.0
100.0,0.0
100.0,0.0
100.0,0.0
100.0,0.0
100.0,0.0
100.0,0.0
100.0,0.0
100.0,0.0
100.0,0.0
0.0,100.0
100.0,0.0
0.0,100.0
100.0,0.0
100.0,0.0
100.0,0.0
0.0,100.0
1.0,99.0
0.0,100.0
2.0,98.0
0.0,100.0
0.0,100.0
100.0,0.0
1.0,99.0
100.0,0.0
0.0,100.0
0.0,100.0
0.0,100.0
100.0,0.0
100.0,0.0
100.0,0.0
100.0,0.0
97.0,3.0
0.0,100.0
5.0,95.0
2.0,98.0
0.0,100.0
100.0,0.0
100.0,0.0
1.0,99.0
100.0,0.0
100.0,0.0
0.0,100.0
100.0,0.0
0.0,100.0
100.0,0.0
0.0,100.0
0.0,100.0
100.0,0.0
100.0,0.0
100.0,0.0
100.0,0.0
5.0,95.0
0.0,100.0
100.0,0.0
1.0,99.0
0.0,100.0
100.0,0.0
100.0,0.0
100.0,0.0
100.0,0.0
1.0,99.0
100.0,0.0
100.0,0.0
0.0,100.0
100.0,0.0
9.0,91.0
4.0,96.0
2.0,98.0
100.0,0.0
2.0,98.0
100.0,0.0
1.0,99.0
100.0,0.0
100.0,0.0
100.0,0.0
9.0,91.0
100.0,0.0
100.0,0.0
0.0,100.0
99.0,1.0
100.0,0.0
100.0,0.0
0.0,100.0
100.0,0.0
0.0,100.0
100.0,0.0
100.0,0.0
100.0,0.0
100.0,0.0
100.0,0.0
100.0,0.0
2.0,98.0
100.0,0.0
100.0,0.0
100.0,0.0
100.0,0.0
100.0,0.0
100.0,0.0
100.0,0.0
100.0,0.0
100.0,0.0
0.0,100.0
0.0,100.0
0.0,100.0
100.0,0.0
100.0,0.0
100.0,0.0
0.0,100.0
100.0,0.0
98.0,2.0
0.0,100.0
100.0,0.0
3.0,97.0
100.0,0.0
0.0,100.0
0.0,100.0
0.0,100.0
1.0,99.0
100.0,0.0
100.0,0.0
100.0,0.0
10.0,90.0
100.0,0.0
0.0,100.0
100.0,0.0
98.0,2.0
100.0,0.0
100.0,0.0
100.0,0.0
100.0,0.0
100.0,0.0
0.0,100.0
1.0,99.0
100.0,0.0
0.0,100.0
0.0,100.0
100.0,0.0
100.0,0.0
0.0,100.0
100.0,0.0
0.0,100.0
100.0,0.0
100.0,0.0
0.0,100.0
100.0,0.0
0.0,100.0
100.0,0.0
100.0,0.0
1.0,99.0
99.0,1.0
100.0,0.0
100.0,0.0
100.0,0.0
100.0,0.0
1.0,99.0
99.0,1.0
5.0,95.0
100.0,0.0
100.0,0.0
3.0,97.0
100.0,0.0
100.0,0.0
100.0,0.0
100.0,0.0
0.0,100.0
3.0,97.0
100.0,0.0
100.0,0.0
0.0,100.0
100.0,0.0
0.0,100.0
100.0,0.0
100.0,0.0
100.0,0.0
100.0,0.0
0.0,100.0
100.0,0.0
6.0,94.0
0.0,100.0
100.0,0.0
12.0,88.0
100.0,0.0
100.0,0.0
5.0,95.0
1.0,99.0
100.0,0.0
0.0,100.0
94.0,6.0
100.0,0.0
100.0,0.0
100.0,0.0
100.0,0.0
100.0,0.0
100.0,0.0
1.0,99.0
100.0,0.0
100.0,0.0
100.0,0.0
0.0,100.0
100.0,0.0
100.0,0.0
100.0,0.0
100.0,0.0
5.0,95.0
0.0,100.0
100.0,0.0
0.0,100.0
100.0,0.0
2.0,98.0
0.0,100.0
100.0,0.0
100.0,0.0
100.0,0.0
100.0,0.0
100.0,0.0
0.0,100.0
100.0,0.0
1.0,99.0
0.0,100.0
0.0,100.0
100.0,0.0
0.0,100.0
0.0,100.0
0.0,100.0
99.0,1.0
2.0,98.0
100.0,0.0
0.0,100.0
11.0,89.0
5.0,95.0
100.0,0.0
11.0,89.0
13.0,87.0
1.0,99.0
5.0,95.0
0.0,100.0
0.0,100.0
100.0,0.0
100.0,0.0
40.0,60.0
100.0,0.0
100.0,0.0
100.0,0.0
3.0,97.0
0.0,100.0
0.0,100.0
100.0,0.0
100.0,0.0
100.0,0.0
42.0,57.99999999999999
0.0,100.0
100.0,0.0
100.0,0.0
100.0,0.0
0.0,100.0
100.0,0.0
0.0,100.0
95.0,5.0
3.0,97.0
5.0,95.0
1.0,99.0
0.0,100.0
100.0,0.0
0.0,100.0
100.0,0.0
0.0,100.0
100.0,0.0
0.0,100.0
100.0,0.0
83.0,17.0
100.0,0.0
0.0,100.0
0.0,100.0
100.0,0.0
0.0,100.0
0.0,100.0
99.0,1.0
100.0,0.0
100.0,0.0
100.0,0.0
100.0,0.0
0.0,100.0
100.0,0.0
0.0,100.0
100.0,0.0
100.0,0.0
100.0,0.0
99.0,1.0
100.0,0.0
100.0,0.0
100.0,0.0
0.0,100.0
100.0,0.0
100.0,0.0
100.0,0.0
0.0,100.0
100.0,0.0
100.0,0.0
96.0,4.0
100.0,0.0
100.0,0.0
0.0,100.0
100.0,0.0
100.0,0.0
100.0,0.0
100.0,0.0
4.0,96.0
100.0,0.0
100.0,0.0
100.0,0.0
99.0,1.0
0.0,100.0
100.0,0.0
100.0,0.0
0.0,100.0
100.0,0.0
100.0,0.0
100.0,0.0
100.0,0.0
100.0,0.0
100.0,0.0
100.0,0.0
0.0,100.0
100.0,0.0
0.0,100.0
54.0,46.0
0.0,100.0
100.0,0.0
100.0,0.0
0.0,100.0
100.0,0.0
100.0,0.0
1.0,99.0
0.0,100.0
100.0,0.0
0.0,100.0
100.0,0.0
100.0,0.0
100.0,0.0
0.0,100.0
100.0,0.0
1.0,99.0
0.0,100.0
100.0,0.0
100.0,0.0
0.0,100.0
1.0,99.0
100.0,0.0
100.0,0.0
100.0,0.0
100.0,0.0
0.0,100.0
0.0,100.0
100.0,0.0
100.0,0.0
0.0,100.0
2.0,98.0
100.0,0.0
100.0,0.0
100.0,0.0
1.0,99.0
100.0,0.0
100.0,0.0
100.0,0.0
100.0,0.0
0.0,100.0
100.0,0.0
99.0,1.0
0.0,100.0
1.0,99.0
100.0,0.0
100.0,0.0
0.0,100.0
100.0,0.0
5.0,95.0
100.0,0.0
100.0,0.0
100.0,0.0
100.0,0.0
100.0,0.0
0.0,100.0
1.0,99.0
100.0,0.0
100.0,0.0
100.0,0.0
0.0,100.0
100.0,0.0
0.0,100.0
100.0,0.0
100.0,0.0
100.0,0.0
0.0,100.0
100.0,0.0
100.0,0.0
100.0,0.0
100.0,0.0
100.0,0.0
100.0,0.0
0.0,100.0
0.0,100.0
100.0,0.0
100.0,0.0
100.0,0.0
100.0,0.0
100.0,0.0
100.0,0.0
100.0,0.0
55.00000000000001,45.0
100.0,0.0
100.0,0.0
0.0,100.0
100.0,0.0
1.0,99.0
100.0,0.0
0.0,100.0
100.0,0.0
17.0,83.0
100.0,0.0
13.0,87.0
100.0,0.0
100.0,0.0
100.0,0.0
100.0,0.0
100.0,0.0
100.0,0.0
100.0,0.0
100.0,0.0
0.0,100.0
3.0,97.0
0.0,100.0
100.0,0.0
100.0,0.0
100.0,0.0
100.0,0.0
100.0,0.0
95.0,5.0
100.0,0.0
0.0,100.0
100.0,0.0
100.0,0.0
0.0,100.0
100.0,0.0
3.0,97.0
0.0,100.0
0.0,100.0
100.0,0.0
100.0,0.0
0.0,100.0
0.0,100.0
100.0,0.0
1.0,99.0
100.0,0.0
100.0,0.0
100.0,0.0
0.0,100.0
1.0,99.0
0.0,100.0
100.0,0.0
1.0,99.0
0.0,100.0
100.0,0.0
100.0,0.0
100.0,0.0
3.0,97.0
100.0,0.0
100.0,0.0
100.0,0.0
0.0,100.0
4.0,96.0
0.0,100.0
0.0,100.0
2.0,98.0
100.0,0.0
100.0,0.0
8.0,92.0
100.0,0.0
100.0,0.0
100.0,0.0
100.0,0.0
2.0,98.0
100.0,0.0
100.0,0.0
100.0,0.0
100.0,0.0
0.0,100.0
1.0,99.0
2.0,98.0
0.0,100.0
100.0,0.0
100.0,0.0
4.0,96.0
0.0,100.0
100.0,0.0
100.0,0.0
1.0,99.0
100.0,0.0
100.0,0.0
0.0,100.0
14.000000000000002,86.0
0.0,100.0
100.0,0.0
0.0,100.0
100.0,0.0
5.0,95.0
100.0,0.0
100.0,0.0
100.0,0.0
0.0,100.0
0.0,100.0
100.0,0.0
100.0,0.0
0.0,100.0
100.0,0.0
100.0,0.0
100.0,0.0
1.0,99.0
0.0,100.0
100.0,0.0
100.0,0.0
0.0,100.0
6.0,94.0
100.0,0.0
0.0,100.0
100.0,0.0
100.0,0.0
100.0,0.0
3.0,97.0
100.0,0.0
3.0,97.0
3.0,97.0
100.0,0.0
100.0,0.0
100.0,0.0
0.0,100.0
100.0,0.0
100.0,0.0
100.0,0.0
100.0,0.0
0.0,100.0
0.0,100.0
0.0,100.0
100.0,0.0
100.0,0.0
100.0,0.0
100.0,0.0
100.0,0.0
100.0,0.0
100.0,0.0
100.0,0.0
0.0,100.0
1.0,99.0
4.0,96.0
0.0,100.0
100.0,0.0
100.0,0.0
100.0,0.0
100.0,0.0
100.0,0.0
0.0,100.0
100.0,0.0
100.0,0.0
1.0,99.0
0.0,100.0
3.0,97.0
100.0,0.0
13.0,87.0
11.0,89.0
100.0,0.0
100.0,0.0
0.0,100.0
100.0,0.0
2.0,98.0
100.0,0.0
100.0,0.0
100.0,0.0
100.0,0.0
5.0,95.0
2.0,98.0
100.0,0.0
100.0,0.0
100.0,0.0
0.0,100.0
100.0,0.0
0.0,100.0
0.0,100.0
100.0,0.0
100.0,0.0
100.0,0.0
98.0,2.0
100.0,0.0
100.0,0.0
100.0,0.0
100.0,0.0
0.0,100.0
1.0,99.0
4.0,96.0
100.0,0.0
4.0,96.0
100.0,0.0
3.0,97.0
100.0,0.0
100.0,0.0
0.0,100.0
100.0,0.0
0.0,100.0
100.0,0.0
100.0,0.0
100.0,0.0
100.0,0.0
7.000000000000001,93.0
100.0,0.0
2.0,98.0
0.0,100.0
100.0,0.0
100.0,0.0
0.0,100.0
100.0,0.0
100.0,0.0
100.0,0.0
100.0,0.0
1.0,99.0
1.0,99.0
100.0,0.0
0.0,100.0
100.0,0.0
100.0,0.0
100.0,0.0
0.0,100.0
0.0,100.0
0.0,100.0
100.0,0.0
30.0,70.0
0.0,100.0
4.0,96.0
100.0,0.0
3.0,97.0
0.0,100.0
100.0,0.0
100.0,0.0
100.0,0.0
100.0,0.0
100.0,0.0
0.0,100.0
1.0,99.0
0.0,100.0
100.0,0.0
100.0,0.0
0.0,100.0
100.0,0.0
100.0,0.0
0.0,100.0
100.0,0.0
100.0,0.0
100.0,0.0
100.0,0.0
0.0,100.0
100.0,0.0
100.0,0.0
100.0,0.0
1.0,99.0
100.0,0.0
0.0,100.0
100.0,0.0
100.0,0.0
100.0,0.0
0.0,100.0
0.0,100.0
0.0,100.0
100.0,0.0
0.0,100.0
100.0,0.0
100.0,0.0
100.0,0.0
100.0,0.0
100.0,0.0
8.0,92.0
96.0,4.0
100.0,0.0
1.0,99.0
0.0,100.0
100.0,0.0
100.0,0.0
1.0,99.0
7.000000000000001,93.0
100.0,0.0
0.0,100.0
0.0,100.0
3.0,97.0
100.0,0.0
100.0,0.0
0.0,100.0
0.0,100.0
2.0,98.0
100.0,0.0
4.0,96.0
100.0,0.0
0.0,100.0
100.0,0.0
99.0,1.0
6.0,94.0
0.0,100.0
2.0,98.0
0.0,100.0
100.0,0.0
100.0,0.0
100.0,0.0
0.0,100.0
96.0,4.0
0.0,100.0
100.0,0.0
100.0,0.0
100.0,0.0
5.0,95.0
100.0,0.0
0.0,100.0
5.0,95.0
100.0,0.0
100.0,0.0
100.0,0.0
100.0,0.0
100.0,0.0
100.0,0.0
100.0,0.0
3.0,97.0
100.0,0.0
2.0,98.0
1.0,99.0
0.0,100.0
4.0,96.0
17.0,83.0
100.0,0.0
100.0,0.0
100.0,0.0
0.0,100.0
100.0,0.0
100.0,0.0
0.0,100.0
3.0,97.0
100.0,0.0
100.0,0.0
100.0,0.0
100.0,0.0
0.0,100.0
4.0,96.0
100.0,0.0
100.0,0.0
0.0,100.0
0.0,100.0
100.0,0.0
99.0,1.0
100.0,0.0
20.75,79.25
100.0,0.0
100.0,0.0
14.000000000000002,86.0
100.0,0.0
100.0,0.0
7.000000000000001,93.0
100.0,0.0
1.0,99.0
100.0,0.0
100.0,0.0
100.0,0.0
100.0,0.0
0.0,100.0
5.0,95.0
0.0,100.0
100.0,0.0
100.0,0.0
100.0,0.0
100.0,0.0
0.0,100.0
97.0,3.0
100.0,0.0
0.0,100.0
99.0,1.0
3.0,97.0
100.0,0.0
100.0,0.0
100.0,0.0
100.0,0.0
100.0,0.0
100.0,0.0
100.0,0.0
0.0,100.0
100.0,0.0
100.0,0.0
0.0,100.0
9.0,91.0
100.0,0.0
100.0,0.0
99.0,1.0
100.0,0.0
100.0,0.0
0.0,100.0
100.0,0.0
2.0,98.0
100.0,0.0
100.0,0.0
100.0,0.0
100.0,0.0
100.0,0.0
1.0,99.0
100.0,0.0
0.0,100.0
2.0,98.0
5.0,95.0
0.0,100.0
100.0,0.0
100.0,0.0
0.0,100.0
1.0,99.0
100.0,0.0
100.0,0.0
100.0,0.0
100.0,0.0
6.0,94.0
0.0,100.0
100.0,0.0
100.0,0.0
0.0,100.0
0.0,100.0
0.0,100.0
100.0,0.0
100.0,0.0
100.0,0.0
100.0,0.0
100.0,0.0
0.0,100.0
100.0,0.0
100.0,0.0
0.0,100.0
17.0,83.0
100.0,0.0
0.0,100.0
100.0,0.0
100.0,0.0
99.0,1.0
100.0,0.0
100.0,0.0
0.0,100.0
70.0,30.0
15.0,85.0
0.0,100.0
0.0,100.0
100.0,0.0
96.0,4.0
100.0,0.0
2.0,98.0
100.0,0.0
100.0,0.0
100.0,0.0
0.0,100.0
100.0,0.0
100.0,0.0
1.0,99.0
2.0,98.0
100.0,0.0
100.0,0.0
100.0,0.0
2.0,98.0
2.0,98.0
0.0,100.0
100.0,0.0
7.000000000000001,93.0
100.0,0.0
0.0,100.0
100.0,0.0
1.0,99.0
1.0,99.0
100.0,0.0
100.0,0.0
100.0,0.0
100.0,0.0
0.0,100.0
0.0,100.0
4.0,96.0
100.0,0.0
100.0,0.0
0.0,100.0
100.0,0.0
0.0,100.0
100.0,0.0
100.0,0.0
100.0,0.0
100.0,0.0
100.0,0.0
6.0,94.0
0.0,100.0
0.0,100.0
2.0,98.0
100.0,0.0
100.0,0.0
100.0,0.0
100.0,0.0
1.0,99.0
100.0,0.0
0.0,100.0
100.0,0.0
100.0,0.0
0.0,100.0
100.0,0.0
100.0,0.0
100.0,0.0
1.0,99.0
100.0,0.0
100.0,0.0
0.0,100.0
0.0,100.0
0.0,100.0
100.0,0.0
99.0,1.0
100.0,0.0
100.0,0.0
1.0,99.0
100.0,0.0
1.0,99.0
4.0,96.0
100.0,0.0
100.0,0.0
2.0,98.0
100.0,0.0
93.0,7.000000000000001
100.0,0.0
100.0,0.0
95.0,5.0
100.0,0.0
100.0,0.0
100.0,0.0
0.0,100.0
100.0,0.0
0.0,100.0
100.0,0.0
100.0,0.0
0.0,100.0
2.0,98.0
100.0,0.0
100.0,0.0
100.0,0.0
100.0,0.0
100.0,0.0
7.000000000000001,93.0
100.0,0.0
2.0,98.0
100.0,0.0
100.0,0.0
0.0,100.0
100.0,0.0
98.0,2.0
100.0,0.0
1.0,99.0
100.0,0.0
100.0,0.0
100.0,0.0
100.0,0.0
1.0,99.0
0.0,100.0
100.0,0.0
100.0,0.0
1.0,99.0
100.0,0.0
99.0,1.0
100.0,0.0
100.0,0.0
0.0,100.0
0.0,100.0
100.0,0.0
100.0,0.0
1.0,99.0
100.0,0.0
100.0,0.0
1.0,99.0
3.0,97.0
100.0,0.0
100.0,0.0
10.0,90.0
100.0,0.0
100.0,0.0
4.0,96.0
100.0,0.0
100.0,0.0
0.0,100.0
100.0,0.0
2.0,98.0
99.0,1.0
0.0,100.0
99.0,1.0
0.0,100.0
3.0,97.0
100.0,0.0
0.0,100.0
0.0,100.0
100.0,0.0
100.0,0.0
100.0,0.0
100.0,0.0
100.0,0.0
100.0,0.0
100.0,0.0
0.0,100.0
100.0,0.0
100.0,0.0
100.0,0.0
0.0,100.0
100.0,0.0
100.0,0.0
100.0,0.0
100.0,0.0
1.0,99.0
2.0,98.0
1.0,99.0
1.0,99.0
100.0,0.0
100.0,0.0
100.0,0.0
100.0,0.0
6.0,94.0
100.0,0.0
100.0,0.0
2.0,98.0
1.0,99.0
0.0,100.0
0.0,100.0
100.0,0.0
0.0,100.0
100.0,0.0
99.0,1.0
0.0,100.0
1.0,99.0
100.0,0.0
100.0,0.0
100.0,0.0
100.0,0.0
0.0,100.0
100.0,0.0
100.0,0.0
21.0,79.0
0.0,100.0
100.0,0.0
1.0,99.0
0.0,100.0
100.0,0.0
100.0,0.0
100.0,0.0
100.0,0.0
100.0,0.0
21.0,79.0
100.0,0.0
0.0,100.0
100.0,0.0
100.0,0.0
1.0,99.0
100.0,0.0
5.0,95.0
100.0,0.0
1.0,99.0
100.0,0.0
100.0,0.0
0.0,100.0
1.0,99.0
100.0,0.0
0.0,100.0
100.0,0.0
100.0,0.0
100.0,0.0
100.0,0.0
100.0,0.0
100.0,0.0
100.0,0.0
0.0,100.0
100.0,0.0
89.0,11.0
0.0,100.0
100.0,0.0
100.0,0.0
0.0,100.0
0.0,100.0
100.0,0.0
100.0,0.0
0.0,100.0
5.0,95.0
100.0,0.0
100.0,0.0
0.0,100.0
100.0,0.0
100.0,0.0
2.0,98.0
100.0,0.0
100.0,0.0
99.0,1.0
100.0,0.0
100.0,0.0
100.0,0.0
3.0,97.0
0.0,100.0
100.0,0.0
0.0,100.0
100.0,0.0
1.0,99.0
5.0,95.0
0.0,100.0
0.0,100.0
100.0,0.0
100.0,0.0
100.0,0.0
100.0,0.0
1.0,99.0
1.0,99.0
100.0,0.0
100.0,0.0
100.0,0.0
100.0,0.0
0.0,100.0
100.0,0.0
100.0,0.0
100.0,0.0
0.0,100.0
14.000000000000002,86.0
0.0,100.0
5.0,95.0
0.0,100.0
1.0,99.0
100.0,0.0
100.0,0.0
100.0,0.0
100.0,0.0
100.0,0.0
100.0,0.0
100.0,0.0
100.0,0.0
100.0,0.0
0.0,100.0
100.0,0.0
0.0,100.0
100.0,0.0
87.0,13.0
100.0,0.0
28.999999999999996,71.0
1.0,99.0
0.0,100.0
0.0,100.0
0.0,100.0
100.0,0.0
4.0,96.0
1.0,99.0
1.0,99.0
100.0,0.0
1.0,99.0
100.0,0.0
100.0,0.0
1.0,99.0
100.0,0.0
100.0,0.0
100.0,0.0
99.0,1.0
100.0,0.0
100.0,0.0
100.0,0.0
100.0,0.0
100.0,0.0
100.0,0.0
0.0,100.0
0.0,100.0
100.0,0.0
100.0,0.0
100.0,0.0
100.0,0.0
0.0,100.0
0.0,100.0
100.0,0.0
2.0,98.0
5.0,95.0
3.0,97.0
100.0,0.0
100.0,0.0
0.0,100.0
100.0,0.0
100.0,0.0
2.0,98.0
100.0,0.0
2.0,98.0
0.0,100.0
100.0,0.0
100.0,0.0
100.0,0.0
100.0,0.0
100.0,0.0
100.0,0.0
100.0,0.0
100.0,0.0
100.0,0.0
100.0,0.0
100.0,0.0
0.0,100.0
2.0,98.0
0.0,100.0
100.0,0.0
0.0,100.0
0.0,100.0
0.0,100.0
100.0,0.0
100.0,0.0
1.0,99.0
100.0,0.0
100.0,0.0
4.0,96.0
100.0,0.0
100.0,0.0
8.0,92.0
100.0,0.0
6.0,94.0
100.0,0.0
100.0,0.0
100.0,0.0
100.0,0.0
99.0,1.0
0.0,100.0
100.0,0.0
0.0,100.0
100.0,0.0
5.0,95.0
0.0,100.0
0.0,100.0
100.0,0.0
100.0,0.0
100.0,0.0
100.0,0.0
0.0,100.0
0.0,100.0
100.0,0.0
2.0,98.0
100.0,0.0
0.0,100.0
100.0,0.0
100.0,0.0
9.0,91.0
100.0,0.0
24.0,76.0
100.0,0.0
100.0,0.0
100.0,0.0
0.0,100.0
0.0,100.0
100.0,0.0
0.0,100.0
99.0,1.0
100.0,0.0
100.0,0.0
0.0,100.0
100.0,0.0
100.0,0.0
0.0,100.0
99.0,1.0
0.0,100.0
100.0,0.0
5.0,95.0
100.0,0.0
100.0,0.0
100.0,0.0
1.0,99.0
100.0,0.0
100.0,0.0
100.0,0.0
0.0,100.0
100.0,0.0
100.0,0.0
100.0,0.0
100.0,0.0
100.0,0.0
100.0,0.0
99.0,1.0
100.0,0.0
100.0,0.0
100.0,0.0
100.0,0.0
100.0,0.0
100.0,0.0
100.0,0.0
0.0,100.0
100.0,0.0
1.0,99.0
10.0,90.0
100.0,0.0
100.0,0.0
1.0,99.0
5.0,95.0
2.0,98.0
100.0,0.0
100.0,0.0
100.0,0.0
0.0,100.0
100.0,0.0
100.0,0.0
2.0,98.0
100.0,0.0
100.0,0.0
100.0,0.0
100.0,0.0
100.0,0.0
100.0,0.0
100.0,0.0
100.0,0.0
100.0,0.0
100.0,0.0
100.0,0.0
100.0,0.0
100.0,0.0
100.0,0.0
100.0,0.0
100.0,0.0
0.0,100.0
100.0,0.0
100.0,0.0
100.0,0.0
100.0,0.0
100.0,0.0
100.0,0.0
0.0,100.0
100.0,0.0
0.0,100.0
4.0,96.0
100.0,0.0
100.0,0.0
100.0,0.0
100.0,0.0
100.0,0.0
0.0,100.0
100.0,0.0
100.0,0.0
0.0,100.0
42.0,57.99999999999999
6.0,94.0
100.0,0.0
100.0,0.0
100.0,0.0
1.0,99.0
100.0,0.0
100.0,0.0
3.0,97.0
0.0,100.0
100.0,0.0
100.0,0.0
100.0,0.0
100.0,0.0
1.0,99.0
100.0,0.0
100.0,0.0
0.0,100.0
100.0,0.0
100.0,0.0
100.0,0.0
100.0,0.0
0.0,100.0
100.0,0.0
100.0,0.0
0.0,100.0
100.0,0.0
0.0,100.0
0.0,100.0
0.0,100.0
100.0,0.0
100.0,0.0
100.0,0.0
100.0,0.0
0.0,100.0
100.0,0.0
0.0,100.0
1.0,99.0
100.0,0.0
100.0,0.0
0.0,100.0
100.0,0.0
0.0,100.0
100.0,0.0
100.0,0.0
100.0,0.0
0.0,100.0
5.0,95.0
99.0,1.0
0.0,100.0
100.0,0.0
100.0,0.0
100.0,0.0
3.0,97.0
100.0,0.0
0.0,100.0
100.0,0.0
0.0,100.0
1.0,99.0
100.0,0.0
100.0,0.0
100.0,0.0
100.0,0.0
0.0,100.0
100.0,0.0
100.0,0.0
0.0,100.0
100.0,0.0
0.0,100.0
0.0,100.0
100.0,0.0
100.0,0.0
100.0,0.0
100.0,0.0
0.0,100.0
1.0,99.0
100.0,0.0
0.0,100.0
100.0,0.0
1.0,99.0
0.0,100.0
100.0,0.0
76.0,24.0
100.0,0.0
0.0,100.0
3.0,97.0
100.0,0.0
0.0,100.0
100.0,0.0
100.0,0.0
100.0,0.0
0.0,100.0
100.0,0.0
100.0,0.0
0.0,100.0
100.0,0.0
100.0,0.0
100.0,0.0
100.0,0.0
0.0,100.0
100.0,0.0
0.0,100.0
0.0,100.0
0.0,100.0
100.0,0.0
100.0,0.0
100.0,0.0
0.0,100.0
100.0,0.0
100.0,0.0
0.0,100.0
100.0,0.0
100.0,0.0
100.0,0.0
100.0,0.0
0.0,100.0
1.0,99.0
100.0,0.0
100.0,0.0
0.0,100.0
100.0,0.0
100.0,0.0
100.0,0.0
0.0,100.0
0.0,100.0
3.0,97.0
100.0,0.0
2.0,98.0
0.0,100.0
0.0,100.0
1.0,99.0
0.0,100.0
100.0,0.0
100.0,0.0
100.0,0.0
100.0,0.0
100.0,0.0
100.0,0.0
100.0,0.0
100.0,0.0
7.000000000000001,93.0
100.0,0.0
0.0,100.0
100.0,0.0
11.0,89.0
100.0,0.0
0.0,100.0
100.0,0.0
100.0,0.0
100.0,0.0
0.0,100.0
100.0,0.0
0.0,100.0
100.0,0.0
100.0,0.0
100.0,0.0
100.0,0.0
100.0,0.0
0.0,100.0
22.0,78.0
100.0,0.0
100.0,0.0
100.0,0.0
100.0,0.0
100.0,0.0
100.0,0.0
100.0,0.0
100.0,0.0
100.0,0.0
100.0,0.0
0.0,100.0
1.0,99.0
0.0,100.0
100.0,0.0
2.0,98.0
0.0,100.0
100.0,0.0
100.0,0.0
100.0,0.0
100.0,0.0
100.0,0.0
100.0,0.0
0.0,100.0
100.0,0.0
0.0,100.0
28.999999999999996,71.0
100.0,0.0
0.0,100.0
100.0,0.0
100.0,0.0
100.0,0.0
0.0,100.0
6.0,94.0
10.0,90.0
4.0,96.0
100.0,0.0
7.000000000000001,93.0
100.0,0.0
6.0,94.0
0.0,100.0
0.0,100.0
2.0,98.0
100.0,0.0
82.0,18.0
1.0,99.0
100.0,0.0
100.0,0.0
0.0,100.0
0.0,100.0
100.0,0.0
99.0,1.0
0.0,100.0
0.0,100.0
1.0,99.0
100.0,0.0
0.0,100.0
100.0,0.0
100.0,0.0
100.0,0.0
0.0,100.0
100.0,0.0
100.0,0.0
100.0,0.0
1.0,99.0
0.0,100.0
100.0,0.0
0.0,100.0
0.0,100.0
0.0,100.0
100.0,0.0
0.0,100.0
100.0,0.0
100.0,0.0
100.0,0.0
100.0,0.0
0.0,100.0
0.0,100.0
100.0,0.0
0.0,100.0
100.0,0.0
100.0,0.0
0.0,100.0
0.0,100.0
0.0,100.0
100.0,0.0
100.0,0.0
100.0,0.0
10.0,90.0
100.0,0.0
100.0,0.0
100.0,0.0
0.0,100.0
7.000000000000001,93.0
0.0,100.0
100.0,0.0
97.0,3.0
100.0,0.0
33.0,67.0
100.0,0.0
100.0,0.0
100.0,0.0
100.0,0.0
0.0,100.0
0.0,100.0
100.0,0.0
0.0,100.0
0.0,100.0
0.0,100.0
100.0,0.0
0.0,100.0
100.0,0.0
100.0,0.0
100.0,0.0
0.0,100.0
100.0,0.0
0.0,100.0
100.0,0.0
100.0,0.0
3.0,97.0
100.0,0.0
98.0,2.0
100.0,0.0
100.0,0.0
100.0,0.0
10.0,90.0
100.0,0.0
100.0,0.0
0.0,100.0
99.0,1.0
100.0,0.0
100.0,0.0
100.0,0.0
1.0,99.0
100.0,0.0
100.0,0.0
100.0,0.0
0.0,100.0
0.0,100.0
0.0,100.0
2.0,98.0
2.0,98.0
100.0,0.0
100.0,0.0
100.0,0.0
99.0,1.0
100.0,0.0
0.0,100.0
2.0,98.0
100.0,0.0
100.0,0.0
100.0,0.0
100.0,0.0
100.0,0.0
100.0,0.0
100.0,0.0
100.0,0.0
0.0,100.0
0.0,100.0
100.0,0.0
100.0,0.0
100.0,0.0
100.0,0.0
100.0,0.0
0.0,100.0
100.0,0.0
100.0,0.0
100.0,0.0
0.0,100.0
1.0,99.0
0.0,100.0
0.0,100.0
1.0,99.0
100.0,0.0
13.0,87.0
0.0,100.0
100.0,0.0
100.0,0.0
100.0,0.0
1.0,99.0
100.0,0.0
0.0,100.0
0.0,100.0
99.0,1.0
100.0,0.0
100.0,0.0
2.0,98.0
100.0,0.0
2.0,98.0
100.0,0.0
0.0,100.0
100.0,0.0
100.0,0.0
100.0,0.0
1.0,99.0
0.0,100.0
100.0,0.0
100.0,0.0
100.0,0.0
0.0,100.0
100.0,0.0
100.0,0.0
100.0,0.0
100.0,0.0
2.0,98.0
100.0,0.0
100.0,0.0
100.0,0.0
100.0,0.0
0.0,100.0
1.0,99.0
100.0,0.0
99.0,1.0
0.0,100.0
100.0,0.0
1.0,99.0
100.0,0.0
100.0,0.0
24.0,76.0
100.0,0.0
0.0,100.0
100.0,0.0
100.0,0.0
0.0,100.0
0.0,100.0
100.0,0.0
100.0,0.0
100.0,0.0
100.0,0.0
100.0,0.0
4.0,96.0
0.0,100.0
100.0,0.0
100.0,0.0
100.0,0.0
100.0,0.0
0.0,100.0
1.0,99.0
100.0,0.0
100.0,0.0
100.0,0.0
100.0,0.0
100.0,0.0
100.0,0.0
0.0,100.0
100.0,0.0
100.0,0.0
100.0,0.0
100.0,0.0
100.0,0.0
100.0,0.0
100.0,0.0
0.0,100.0
100.0,0.0
0.0,100.0
100.0,0.0
100.0,0.0
100.0,0.0
100.0,0.0
0.0,100.0
1.0,99.0
7.000000000000001,93.0
100.0,0.0
100.0,0.0
100.0,0.0
100.0,0.0
100.0,0.0
100.0,0.0
100.0,0.0
100.0,0.0
0.0,100.0
3.0,97.0
0.0,100.0
1.0,99.0
100.0,0.0
6.0,94.0
13.0,87.0
2.0,98.0
0.0,100.0
100.0,0.0
100.0,0.0
100.0,0.0
100.0,0.0
0.0,100.0
3.0,97.0
100.0,0.0
100.0,0.0
100.0,0.0
100.0,0.0
100.0,0.0
99.0,1.0
1.0,99.0
100.0,0.0
2.0,98.0
100.0,0.0
0.0,100.0
99.0,1.0
0.0,100.0
100.0,0.0
4.0,96.0
99.0,1.0
100.0,0.0
1.0,99.0
100.0,0.0
94.5,5.5
100.0,0.0
100.0,0.0
100.0,0.0
0.0,100.0
0.0,100.0
0.0,100.0
100.0,0.0
100.0,0.0
100.0,0.0
100.0,0.0
100.0,0.0
100.0,0.0
100.0,0.0
1.0,99.0
100.0,0.0
100.0,0.0
100.0,0.0
100.0,0.0
0.0,100.0
100.0,0.0
0.0,100.0
2.0,98.0
100.0,0.0
100.0,0.0
100.0,0.0
0.0,100.0
2.0,98.0
6.0,94.0
0.0,100.0
100.0,0.0
100.0,0.0
100.0,0.0
100.0,0.0
0.0,100.0
100.0,0.0
100.0,0.0
100.0,0.0
100.0,0.0
99.0,1.0
0.0,100.0
100.0,0.0
1.0,99.0
100.0,0.0
100.0,0.0
100.0,0.0
100.0,0.0
1.0,99.0
100.0,0.0
100.0,0.0
0.0,100.0
0.0,100.0
100.0,0.0
0.0,100.0
100.0,0.0
100.0,0.0
0.0,100.0
100.0,0.0
100.0,0.0
100.0,0.0
99.0,1.0
99.0,1.0
0.0,100.0
0.0,100.0
100.0,0.0
100.0,0.0
99.0,1.0
100.0,0.0
100.0,0.0
100.0,0.0
100.0,0.0
100.0,0.0
0.0,100.0
100.0,0.0
100.0,0.0
100.0,0.0
3.0,97.0
100.0,0.0
100.0,0.0
84.0,16.0
100.0,0.0
100.0,0.0
100.0,0.0
95.0,5.0
100.0,0.0
100.0,0.0
100.0,0.0
98.0,2.0
98.0,2.0
100.0,0.0
100.0,0.0
0.0,100.0
0.0,100.0
0.0,100.0
100.0,0.0
1.0,99.0
0.0,100.0
100.0,0.0
0.0,100.0
100.0,0.0
2.0,98.0
100.0,0.0
100.0,0.0
56.99999999999999,43.0
0.0,100.0
100.0,0.0
0.0,100.0
100.0,0.0
0.0,100.0
2.0,98.0
65.0,35.0
100.0,0.0
100.0,0.0
100.0,0.0
100.0,0.0
100.0,0.0
100.0,0.0
100.0,0.0
100.0,0.0
0.0,100.0
100.0,0.0
100.0,0.0
0.0,100.0
100.0,0.0
100.0,0.0
100.0,0.0
100.0,0.0
100.0,0.0
100.0,0.0
100.0,0.0
100.0,0.0
100.0,0.0
0.0,100.0
1.0,99.0
100.0,0.0
3.0,97.0
100.0,0.0
100.0,0.0
0.0,100.0
2.0,98.0
99.0,1.0
0.0,100.0
100.0,0.0
4.0,96.0
0.0,100.0
100.0,0.0
100.0,0.0
5.0,95.0
100.0,0.0
2.0,98.0
100.0,0.0
1.0,99.0
1.0,99.0
3.0,97.0
99.0,1.0
100.0,0.0
99.0,1.0
100.0,0.0
100.0,0.0
3.0,97.0
100.0,0.0
0.0,100.0
100.0,0.0
0.0,100.0
20.0,80.0
99.0,1.0
94.0,6.0
0.0,100.0
100.0,0.0
100.0,0.0
100.0,0.0
0.0,100.0
2.0,98.0
100.0,0.0
100.0,0.0
99.0,1.0
96.0,4.0
5.0,95.0
100.0,0.0
0.0,100.0
100.0,0.0
100.0,0.0
0.0,100.0
1.0,99.0
0.0,100.0
100.0,0.0
100.0,0.0
100.0,0.0
0.0,100.0
0.0,100.0
100.0,0.0
100.0,0.0
100.0,0.0
100.0,0.0
100.0,0.0
99.0,1.0
6.0,94.0
100.0,0.0
100.0,0.0
100.0,0.0
100.0,0.0
100.0,0.0
100.0,0.0
5.0,95.0
0.0,100.0
100.0,0.0
100.0,0.0
0.0,100.0
100.0,0.0
100.0,0.0
100.0,0.0
100.0,0.0
100.0,0.0
0.0,100.0
100.0,0.0
5.0,95.0
100.0,0.0
100.0,0.0
100.0,0.0
100.0,0.0
100.0,0.0
100.0,0.0
100.0,0.0
0.0,100.0
100.0,0.0
3.0,97.0
3.0,97.0
100.0,0.0
0.0,100.0
100.0,0.0
11.0,89.0
100.0,0.0
100.0,0.0
0.0,100.0
93.0,7.000000000000001
100.0,0.0
100.0,0.0
22.0,78.0
14.000000000000002,86.0
100.0,0.0
100.0,0.0
0.0,100.0
100.0,0.0
100.0,0.0
100.0,0.0
100.0,0.0
0.0,100.0
0.0,100.0
100.0,0.0
100.0,0.0
100.0,0.0
100.0,0.0
0.0,100.0
0.0,100.0
100.0,0.0
100.0,0.0
100.0,0.0
0.0,100.0
100.0,0.0
100.0,0.0
100.0,0.0
100.0,0.0
100.0,0.0
100.0,0.0
0.0,100.0
100.0,0.0
0.0,100.0
100.0,0.0
100.0,0.0
100.0,0.0
0.0,100.0
95.0,5.0
100.0,0.0
100.0,0.0
0.0,100.0
100.0,0.0
19.0,81.0
100.0,0.0
0.0,100.0
100.0,0.0
0.0,100.0
100.0,0.0
0.0,100.0
100.0,0.0
2.0,98.0
1.0,99.0
0.0,100.0
100.0,0.0
10.0,90.0
0.0,100.0
100.0,0.0
2.0,98.0
100.0,0.0
0.0,100.0
100.0,0.0
6.0,94.0
100.0,0.0
100.0,0.0
6.0,94.0
2.0,98.0
100.0,0.0
100.0,0.0
